peptide,protein,replicate,product charge,fragment ion,area_ratio,peptide_dilution_name,heavy_conc,plot_cat,R2,intercept,gradient
AEFVEVTK,sp|P02769|ALBU_BOVIN,Soroush_C18_SDC_D2_column12_2uL_11,1,b2,4.785271318412356,AEFVEVTK_D2,86.5,AEFVEVTK_b2_Soroush_C18_SDC,0.9993206117480611,-1.1851182430159426,18.288988526639038
AEFVEVTK,sp|P02769|ALBU_BOVIN,Soroush_C18_SDC_D2_column12_2uL_11,1,y2,5.214290232226764,AEFVEVTK_D2,86.5,AEFVEVTK_y2_Soroush_C18_SDC,0.9994549125632384,-1.0386297514165719,16.760133904180453
AEFVEVTK,sp|P02769|ALBU_BOVIN,Soroush_C18_SDC_D2_column12_2uL_11,1,y4,4.992700679335596,AEFVEVTK_D2,86.5,AEFVEVTK_y4_Soroush_C18_SDC,0.9993359736797998,-1.4140921074358346,17.575471055966215
AEFVEVTK,sp|P02769|ALBU_BOVIN,Soroush_C18_SDC_D2_column12_2uL_11,1,y5,5.242520913285083,AEFVEVTK_D2,86.5,AEFVEVTK_y5_Soroush_C18_SDC,0.9994191450941816,-1.0674445664184518,16.67428663220671
AEFVEVTK,sp|P02769|ALBU_BOVIN,Soroush_C18_SDC_D2_column12_2uL_11,1,y6,5.069243185151915,AEFVEVTK_D2,86.5,AEFVEVTK_y6_Soroush_C18_SDC,0.9993745348899444,-1.1161402670400307,17.309569164464367
AEFVEVTK,sp|P02769|ALBU_BOVIN,Soroush_C18_SDC_D2_column12_2uL_11,2,precursor,4.994193480847212,AEFVEVTK_D2,86.5,AEFVEVTK_precursor_Soroush_C18_SDC,0.9979023182448924,-2.039699307026517,17.659766395175314
AEFVEVTK,sp|P02769|ALBU_BOVIN,Soroush_C18_SDC_D2_column12_2uL_11,2,precursor [M+1],4.515040853871416,AEFVEVTK_D2,86.5,AEFVEVTK_precursor [M+1]_Soroush_C18_SDC,0.99829226973338,-2.3164670569850188,19.60485236871778
AEFVEVTK,sp|P02769|ALBU_BOVIN,Soroush_C18_SDC_D2_column12_2uL_11,2,precursor [M+2],4.70611868473368,AEFVEVTK_D2,86.5,AEFVEVTK_precursor [M+2]_Soroush_C18_SDC,0.9991419143419148,-1.5295867079408652,18.664286751559082
AEFVEVTK,sp|P02769|ALBU_BOVIN,Soroush_C18_SDC_D2_column12_2uL_11,2,y6,5.036017205287935,AEFVEVTK_D2,86.5,AEFVEVTK_y6_Soroush_C18_SDC,0.9993745348899444,-1.1161402670400307,17.309569164464367
AEFVEVTK,sp|P02769|ALBU_BOVIN,Soroush_C18_SDC_D3_column12_2uL_22,1,b2,0.6097689850701673,AEFVEVTK_D3,8.65,AEFVEVTK_b2_Soroush_C18_SDC,0.9993206117480611,-1.1851182430159426,18.288988526639038
AEFVEVTK,sp|P02769|ALBU_BOVIN,Soroush_C18_SDC_D3_column12_2uL_22,1,y2,0.6483753970386086,AEFVEVTK_D3,8.65,AEFVEVTK_y2_Soroush_C18_SDC,0.9994549125632384,-1.0386297514165719,16.760133904180453
AEFVEVTK,sp|P02769|ALBU_BOVIN,Soroush_C18_SDC_D3_column12_2uL_22,1,y4,0.6466905757071674,AEFVEVTK_D3,8.65,AEFVEVTK_y4_Soroush_C18_SDC,0.9993359736797998,-1.4140921074358346,17.575471055966215
AEFVEVTK,sp|P02769|ALBU_BOVIN,Soroush_C18_SDC_D3_column12_2uL_22,1,y5,0.655746980035991,AEFVEVTK_D3,8.65,AEFVEVTK_y5_Soroush_C18_SDC,0.9994191450941816,-1.0674445664184518,16.67428663220671
AEFVEVTK,sp|P02769|ALBU_BOVIN,Soroush_C18_SDC_D3_column12_2uL_22,1,y6,0.6362262857841775,AEFVEVTK_D3,8.65,AEFVEVTK_y6_Soroush_C18_SDC,0.9993745348899444,-1.1161402670400307,17.309569164464367
AEFVEVTK,sp|P02769|ALBU_BOVIN,Soroush_C18_SDC_D3_column12_2uL_22,2,precursor,0.7374387963479525,AEFVEVTK_D3,8.65,AEFVEVTK_precursor_Soroush_C18_SDC,0.9979023182448924,-2.039699307026517,17.659766395175314
AEFVEVTK,sp|P02769|ALBU_BOVIN,Soroush_C18_SDC_D3_column12_2uL_22,2,precursor [M+1],0.6665637502744601,AEFVEVTK_D3,8.65,AEFVEVTK_precursor [M+1]_Soroush_C18_SDC,0.99829226973338,-2.3164670569850188,19.60485236871778
AEFVEVTK,sp|P02769|ALBU_BOVIN,Soroush_C18_SDC_D3_column12_2uL_22,2,precursor [M+2],0.6248121347831828,AEFVEVTK_D3,8.65,AEFVEVTK_precursor [M+2]_Soroush_C18_SDC,0.9991419143419148,-1.5295867079408652,18.664286751559082
AEFVEVTK,sp|P02769|ALBU_BOVIN,Soroush_C18_SDC_D3_column12_2uL_22,2,y6,0.635995030147936,AEFVEVTK_D3,8.65,AEFVEVTK_y6_Soroush_C18_SDC,0.9993745348899444,-1.1161402670400307,17.309569164464367
AEFVEVTK,sp|P02769|ALBU_BOVIN,Soroush_C18_SDC_column12_2uL_22,1,b2,0.0019423992665872488,AEFVEVTK_D0,0.0,AEFVEVTK_b2_Soroush_C18_SDC,0.9993206117480611,-1.1851182430159426,18.288988526639038
AEFVEVTK,sp|P02769|ALBU_BOVIN,Soroush_C18_SDC_column12_2uL_22,1,y2,0.00040741156155138487,AEFVEVTK_D0,0.0,AEFVEVTK_y2_Soroush_C18_SDC,0.9994549125632384,-1.0386297514165719,16.760133904180453
AEFVEVTK,sp|P02769|ALBU_BOVIN,Soroush_C18_SDC_column12_2uL_22,1,y4,0.01577872622311836,AEFVEVTK_D0,0.0,AEFVEVTK_y4_Soroush_C18_SDC,0.9993359736797998,-1.4140921074358346,17.575471055966215
AEFVEVTK,sp|P02769|ALBU_BOVIN,Soroush_C18_SDC_column12_2uL_22,1,y5,0.00017537256868922673,AEFVEVTK_D0,0.0,AEFVEVTK_y5_Soroush_C18_SDC,0.9994191450941816,-1.0674445664184518,16.67428663220671
AEFVEVTK,sp|P02769|ALBU_BOVIN,Soroush_C18_SDC_column12_2uL_22,1,y6,0.0009940792246959601,AEFVEVTK_D0,0.0,AEFVEVTK_y6_Soroush_C18_SDC,0.9993745348899444,-1.1161402670400307,17.309569164464367
AEFVEVTK,sp|P02769|ALBU_BOVIN,Soroush_C18_SDC_column12_2uL_22,2,precursor,0.0028205833334153524,AEFVEVTK_D0,0.0,AEFVEVTK_precursor_Soroush_C18_SDC,0.9979023182448924,-2.039699307026517,17.659766395175314
AEFVEVTK,sp|P02769|ALBU_BOVIN,Soroush_C18_SDC_column12_2uL_22,2,precursor [M+1],0.026259206849641028,AEFVEVTK_D0,0.0,AEFVEVTK_precursor [M+1]_Soroush_C18_SDC,0.99829226973338,-2.3164670569850188,19.60485236871778
AEFVEVTK,sp|P02769|ALBU_BOVIN,Soroush_C18_SDC_column12_2uL_22,2,precursor [M+2],0.012898358176796614,AEFVEVTK_D0,0.0,AEFVEVTK_precursor [M+2]_Soroush_C18_SDC,0.9991419143419148,-1.5295867079408652,18.664286751559082
AEFVEVTK,sp|P02769|ALBU_BOVIN,Soroush_C18_SDC_column12_2uL_22,2,y6,0.0023298098808014005,AEFVEVTK_D0,0.0,AEFVEVTK_y6_Soroush_C18_SDC,0.9993745348899444,-1.1161402670400307,17.309569164464367
AEFVEVTK,sp|P02769|ALBU_BOVIN,Soroush_C18_SDS_D2_column12_2uL_13,1,b2,3.5768693508236673,AEFVEVTK_D2,86.5,AEFVEVTK_b2_Soroush_C18_SDS,0.9988775483657064,-1.859759561449394,24.661576803755203
AEFVEVTK,sp|P02769|ALBU_BOVIN,Soroush_C18_SDS_D2_column12_2uL_13,1,y2,3.713680892286084,AEFVEVTK_D2,86.5,AEFVEVTK_y2_Soroush_C18_SDS,0.998933433463055,-1.7516216252406593,23.725241343198288
AEFVEVTK,sp|P02769|ALBU_BOVIN,Soroush_C18_SDS_D2_column12_2uL_13,1,y4,3.9793745751630554,AEFVEVTK_D2,86.5,AEFVEVTK_y4_Soroush_C18_SDS,0.9988864482519708,-1.8038362838569242,22.153251791445605
AEFVEVTK,sp|P02769|ALBU_BOVIN,Soroush_C18_SDS_D2_column12_2uL_13,1,y5,3.8020792319799277,AEFVEVTK_D2,86.5,AEFVEVTK_y5_Soroush_C18_SDS,0.9987079418615885,-1.9187670683135423,23.21251513165308
AEFVEVTK,sp|P02769|ALBU_BOVIN,Soroush_C18_SDS_D2_column12_2uL_13,1,y6,3.777883496566011,AEFVEVTK_D2,86.5,AEFVEVTK_y6_Soroush_C18_SDS,0.9976239135406441,-1.9788360766343587,23.841651562421173
AEFVEVTK,sp|P02769|ALBU_BOVIN,Soroush_C18_SDS_D2_column12_2uL_13,2,precursor,3.566181286362346,AEFVEVTK_D2,86.5,AEFVEVTK_precursor_Soroush_C18_SDS,0.99999863573832,-0.10840844480300404,24.28501900741371
AEFVEVTK,sp|P02769|ALBU_BOVIN,Soroush_C18_SDS_D2_column12_2uL_13,2,precursor [M+1],3.0935633713092825,AEFVEVTK_D2,86.5,AEFVEVTK_precursor [M+1]_Soroush_C18_SDS,0.9999939134005956,-0.5425410495096301,28.139018174748454
AEFVEVTK,sp|P02769|ALBU_BOVIN,Soroush_C18_SDS_D2_column12_2uL_13,2,precursor [M+2],3.1291001068897066,AEFVEVTK_D2,86.5,AEFVEVTK_precursor [M+2]_Soroush_C18_SDS,0.9996934091832076,-0.023619094110713945,27.664363489065334
AEFVEVTK,sp|P02769|ALBU_BOVIN,Soroush_C18_SDS_D2_column12_2uL_13,2,y6,3.6265194825118403,AEFVEVTK_D2,86.5,AEFVEVTK_y6_Soroush_C18_SDS,0.9976239135406441,-1.9788360766343587,23.841651562421173
AEFVEVTK,sp|P02769|ALBU_BOVIN,Soroush_C18_SDS_D2_column12_2uL_132,1,b2,3.5768693508236673,AEFVEVTK_D2,86.5,AEFVEVTK_b2_Soroush_C18_SDS,0.9988775483657064,-1.859759561449394,24.661576803755203
AEFVEVTK,sp|P02769|ALBU_BOVIN,Soroush_C18_SDS_D2_column12_2uL_132,1,y2,3.713680892286084,AEFVEVTK_D2,86.5,AEFVEVTK_y2_Soroush_C18_SDS,0.998933433463055,-1.7516216252406593,23.725241343198288
AEFVEVTK,sp|P02769|ALBU_BOVIN,Soroush_C18_SDS_D2_column12_2uL_132,1,y4,3.9793745751630554,AEFVEVTK_D2,86.5,AEFVEVTK_y4_Soroush_C18_SDS,0.9988864482519708,-1.8038362838569242,22.153251791445605
AEFVEVTK,sp|P02769|ALBU_BOVIN,Soroush_C18_SDS_D2_column12_2uL_132,1,y5,3.8020792319799277,AEFVEVTK_D2,86.5,AEFVEVTK_y5_Soroush_C18_SDS,0.9987079418615885,-1.9187670683135423,23.21251513165308
AEFVEVTK,sp|P02769|ALBU_BOVIN,Soroush_C18_SDS_D2_column12_2uL_132,1,y6,3.777883496566011,AEFVEVTK_D2,86.5,AEFVEVTK_y6_Soroush_C18_SDS,0.9976239135406441,-1.9788360766343587,23.841651562421173
AEFVEVTK,sp|P02769|ALBU_BOVIN,Soroush_C18_SDS_D2_column12_2uL_132,2,precursor,3.566181286362346,AEFVEVTK_D2,86.5,AEFVEVTK_precursor_Soroush_C18_SDS,0.99999863573832,-0.10840844480300404,24.28501900741371
AEFVEVTK,sp|P02769|ALBU_BOVIN,Soroush_C18_SDS_D2_column12_2uL_132,2,precursor [M+1],3.0935633713092825,AEFVEVTK_D2,86.5,AEFVEVTK_precursor [M+1]_Soroush_C18_SDS,0.9999939134005956,-0.5425410495096301,28.139018174748454
AEFVEVTK,sp|P02769|ALBU_BOVIN,Soroush_C18_SDS_D2_column12_2uL_132,2,precursor [M+2],3.1291001068897066,AEFVEVTK_D2,86.5,AEFVEVTK_precursor [M+2]_Soroush_C18_SDS,0.9996934091832076,-0.023619094110713945,27.664363489065334
AEFVEVTK,sp|P02769|ALBU_BOVIN,Soroush_C18_SDS_D2_column12_2uL_132,2,y6,3.6265194825118403,AEFVEVTK_D2,86.5,AEFVEVTK_y6_Soroush_C18_SDS,0.9976239135406441,-1.9788360766343587,23.841651562421173
AEFVEVTK,sp|P02769|ALBU_BOVIN,Soroush_C18_SDS_D3_column12_2uL_21,1,b2,0.5108787707169733,AEFVEVTK_D3,8.65,AEFVEVTK_b2_Soroush_C18_SDS,0.9988775483657064,-1.859759561449394,24.661576803755203
AEFVEVTK,sp|P02769|ALBU_BOVIN,Soroush_C18_SDS_D3_column12_2uL_21,1,y2,0.5242224400795592,AEFVEVTK_D3,8.65,AEFVEVTK_y2_Soroush_C18_SDS,0.998933433463055,-1.7516216252406593,23.725241343198288
AEFVEVTK,sp|P02769|ALBU_BOVIN,Soroush_C18_SDS_D3_column12_2uL_21,1,y4,0.5658175673220335,AEFVEVTK_D3,8.65,AEFVEVTK_y4_Soroush_C18_SDS,0.9988864482519708,-1.8038362838569242,22.153251791445605
AEFVEVTK,sp|P02769|ALBU_BOVIN,Soroush_C18_SDS_D3_column12_2uL_21,1,y5,0.5520050193796331,AEFVEVTK_D3,8.65,AEFVEVTK_y5_Soroush_C18_SDS,0.9987079418615885,-1.9187670683135423,23.21251513165308
AEFVEVTK,sp|P02769|ALBU_BOVIN,Soroush_C18_SDS_D3_column12_2uL_21,1,y6,0.5364894789527543,AEFVEVTK_D3,8.65,AEFVEVTK_y6_Soroush_C18_SDS,0.9976239135406441,-1.9788360766343587,23.841651562421173
AEFVEVTK,sp|P02769|ALBU_BOVIN,Soroush_C18_SDS_D3_column12_2uL_21,2,precursor,0.3635945249188056,AEFVEVTK_D3,8.65,AEFVEVTK_precursor_Soroush_C18_SDS,0.99999863573832,-0.10840844480300404,24.28501900741371
AEFVEVTK,sp|P02769|ALBU_BOVIN,Soroush_C18_SDS_D3_column12_2uL_21,2,precursor [M+1],0.3213283945779691,AEFVEVTK_D3,8.65,AEFVEVTK_precursor [M+1]_Soroush_C18_SDS,0.9999939134005956,-0.5425410495096301,28.139018174748454
AEFVEVTK,sp|P02769|ALBU_BOVIN,Soroush_C18_SDS_D3_column12_2uL_21,2,precursor [M+2],0.2752304786313664,AEFVEVTK_D3,8.65,AEFVEVTK_precursor [M+2]_Soroush_C18_SDS,0.9996934091832076,-0.023619094110713945,27.664363489065334
AEFVEVTK,sp|P02769|ALBU_BOVIN,Soroush_C18_SDS_D3_column12_2uL_21,2,y6,0.554743723283729,AEFVEVTK_D3,8.65,AEFVEVTK_y6_Soroush_C18_SDS,0.9976239135406441,-1.9788360766343587,23.841651562421173
AEFVEVTK,sp|P02769|ALBU_BOVIN,Soroush_C18_SDS_column12_2uL_21,1,b2,0.002736474647106282,AEFVEVTK_D0,0.0,AEFVEVTK_b2_Soroush_C18_SDS,0.9988775483657064,-1.859759561449394,24.661576803755203
AEFVEVTK,sp|P02769|ALBU_BOVIN,Soroush_C18_SDS_column12_2uL_21,1,y2,0.0001362140129764067,AEFVEVTK_D0,0.0,AEFVEVTK_y2_Soroush_C18_SDS,0.998933433463055,-1.7516216252406593,23.725241343198288
AEFVEVTK,sp|P02769|ALBU_BOVIN,Soroush_C18_SDS_column12_2uL_21,1,y4,0.000833838145536218,AEFVEVTK_D0,0.0,AEFVEVTK_y4_Soroush_C18_SDS,0.9988864482519708,-1.8038362838569242,22.153251791445605
AEFVEVTK,sp|P02769|ALBU_BOVIN,Soroush_C18_SDS_column12_2uL_21,1,y5,0.0,AEFVEVTK_D0,0.0,AEFVEVTK_y5_Soroush_C18_SDS,0.9987079418615885,-1.9187670683135423,23.21251513165308
AEFVEVTK,sp|P02769|ALBU_BOVIN,Soroush_C18_SDS_column12_2uL_21,1,y6,0.0016160979665303674,AEFVEVTK_D0,0.0,AEFVEVTK_y6_Soroush_C18_SDS,0.9976239135406441,-1.9788360766343587,23.841651562421173
AEFVEVTK,sp|P02769|ALBU_BOVIN,Soroush_C18_SDS_column12_2uL_21,2,precursor,0.001818947894111289,AEFVEVTK_D0,0.0,AEFVEVTK_precursor_Soroush_C18_SDS,0.99999863573832,-0.10840844480300404,24.28501900741371
AEFVEVTK,sp|P02769|ALBU_BOVIN,Soroush_C18_SDS_column12_2uL_21,2,precursor [M+1],0.024116932535311587,AEFVEVTK_D0,0.0,AEFVEVTK_precursor [M+1]_Soroush_C18_SDS,0.9999939134005956,-0.5425410495096301,28.139018174748454
AEFVEVTK,sp|P02769|ALBU_BOVIN,Soroush_C18_SDS_column12_2uL_21,2,precursor [M+2],0.03619367101545774,AEFVEVTK_D0,0.0,AEFVEVTK_precursor [M+2]_Soroush_C18_SDS,0.9996934091832076,-0.023619094110713945,27.664363489065334
AEFVEVTK,sp|P02769|ALBU_BOVIN,Soroush_C18_SDS_column12_2uL_21,2,y6,0.00037600908311615216,AEFVEVTK_D0,0.0,AEFVEVTK_y6_Soroush_C18_SDS,0.9976239135406441,-1.9788360766343587,23.841651562421173
AEFVEVTK,sp|P02769|ALBU_BOVIN,Soroush_MCX_SDC_D2_column12_2uL_12,1,b2,3.101388152106485,AEFVEVTK_D2,86.5,AEFVEVTK_b2_Soroush_MCX_SDC,0.9884579367628371,-4.483278704565777,28.960430941377158
AEFVEVTK,sp|P02769|ALBU_BOVIN,Soroush_MCX_SDC_D2_column12_2uL_12,1,y2,3.28162312946178,AEFVEVTK_D2,86.5,AEFVEVTK_y2_Soroush_MCX_SDC,0.9891138229686484,-4.320051668856671,27.335694718421085
AEFVEVTK,sp|P02769|ALBU_BOVIN,Soroush_MCX_SDC_D2_column12_2uL_12,1,y4,3.1865013110856646,AEFVEVTK_D2,86.5,AEFVEVTK_y4_Soroush_MCX_SDC,0.986683559072787,-4.778851811856725,28.236888283999832
AEFVEVTK,sp|P02769|ALBU_BOVIN,Soroush_MCX_SDC_D2_column12_2uL_12,1,y5,3.1933772980110415,AEFVEVTK_D2,86.5,AEFVEVTK_y5_Soroush_MCX_SDC,0.9843455721860873,-5.084153036863917,28.21671397928085
AEFVEVTK,sp|P02769|ALBU_BOVIN,Soroush_MCX_SDC_D2_column12_2uL_12,1,y6,3.177811769476827,AEFVEVTK_D2,86.5,AEFVEVTK_y6_Soroush_MCX_SDC,0.9835416088567417,-5.06137675030805,28.9180028924075
AEFVEVTK,sp|P02769|ALBU_BOVIN,Soroush_MCX_SDC_D2_column12_2uL_12,2,precursor,3.327104318467475,AEFVEVTK_D2,86.5,AEFVEVTK_precursor_Soroush_MCX_SDC,0.9883788205694488,-4.502234876590485,26.99956089459933
AEFVEVTK,sp|P02769|ALBU_BOVIN,Soroush_MCX_SDC_D2_column12_2uL_12,2,precursor [M+1],2.761273521865764,AEFVEVTK_D2,86.5,AEFVEVTK_precursor [M+1]_Soroush_MCX_SDC,0.9872919411966169,-5.437130115088259,32.84047939195924
AEFVEVTK,sp|P02769|ALBU_BOVIN,Soroush_MCX_SDC_D2_column12_2uL_12,2,precursor [M+2],2.9009466408400084,AEFVEVTK_D2,86.5,AEFVEVTK_precursor [M+2]_Soroush_MCX_SDC,0.9915655988307887,-4.023148365476494,30.88797619942184
AEFVEVTK,sp|P02769|ALBU_BOVIN,Soroush_MCX_SDC_D2_column12_2uL_12,2,y6,3.049494492993889,AEFVEVTK_D2,86.5,AEFVEVTK_y6_Soroush_MCX_SDC,0.9835416088567417,-5.06137675030805,28.9180028924075
AEFVEVTK,sp|P02769|ALBU_BOVIN,Soroush_MCX_SDC_D3_column12_2uL_23,1,b2,0.6468757913814122,AEFVEVTK_D3,8.65,AEFVEVTK_b2_Soroush_MCX_SDC,0.9884579367628371,-4.483278704565777,28.960430941377158
AEFVEVTK,sp|P02769|ALBU_BOVIN,Soroush_MCX_SDC_D3_column12_2uL_23,1,y2,0.6732364124906449,AEFVEVTK_D3,8.65,AEFVEVTK_y2_Soroush_MCX_SDC,0.9891138229686484,-4.320051668856671,27.335694718421085
AEFVEVTK,sp|P02769|ALBU_BOVIN,Soroush_MCX_SDC_D3_column12_2uL_23,1,y4,0.6891882008388602,AEFVEVTK_D3,8.65,AEFVEVTK_y4_Soroush_MCX_SDC,0.986683559072787,-4.778851811856725,28.236888283999832
AEFVEVTK,sp|P02769|ALBU_BOVIN,Soroush_MCX_SDC_D3_column12_2uL_23,1,y5,0.719241193672003,AEFVEVTK_D3,8.65,AEFVEVTK_y5_Soroush_MCX_SDC,0.9843455721860873,-5.084153036863917,28.21671397928085
AEFVEVTK,sp|P02769|ALBU_BOVIN,Soroush_MCX_SDC_D3_column12_2uL_23,1,y6,0.6831137000946579,AEFVEVTK_D3,8.65,AEFVEVTK_y6_Soroush_MCX_SDC,0.9835416088567417,-5.06137675030805,28.9180028924075
AEFVEVTK,sp|P02769|ALBU_BOVIN,Soroush_MCX_SDC_D3_column12_2uL_23,2,precursor,0.6952935135428461,AEFVEVTK_D3,8.65,AEFVEVTK_precursor_Soroush_MCX_SDC,0.9883788205694488,-4.502234876590485,26.99956089459933
AEFVEVTK,sp|P02769|ALBU_BOVIN,Soroush_MCX_SDC_D3_column12_2uL_23,2,precursor [M+1],0.608219005135859,AEFVEVTK_D3,8.65,AEFVEVTK_precursor [M+1]_Soroush_MCX_SDC,0.9872919411966169,-5.437130115088259,32.84047939195924
AEFVEVTK,sp|P02769|ALBU_BOVIN,Soroush_MCX_SDC_D3_column12_2uL_23,2,precursor [M+2],0.5644536676728634,AEFVEVTK_D3,8.65,AEFVEVTK_precursor [M+2]_Soroush_MCX_SDC,0.9915655988307887,-4.023148365476494,30.88797619942184
AEFVEVTK,sp|P02769|ALBU_BOVIN,Soroush_MCX_SDC_D3_column12_2uL_23,2,y6,0.7196129487495834,AEFVEVTK_D3,8.65,AEFVEVTK_y6_Soroush_MCX_SDC,0.9835416088567417,-5.06137675030805,28.9180028924075
AEFVEVTK,sp|P02769|ALBU_BOVIN,Soroush_MCX_SDC_column12_2uL_23,1,b2,0.001674596222695653,AEFVEVTK_D0,0.0,AEFVEVTK_b2_Soroush_MCX_SDC,0.9884579367628371,-4.483278704565777,28.960430941377158
AEFVEVTK,sp|P02769|ALBU_BOVIN,Soroush_MCX_SDC_column12_2uL_23,1,y2,4.835851210334502e-05,AEFVEVTK_D0,0.0,AEFVEVTK_y2_Soroush_MCX_SDC,0.9891138229686484,-4.320051668856671,27.335694718421085
AEFVEVTK,sp|P02769|ALBU_BOVIN,Soroush_MCX_SDC_column12_2uL_23,1,y4,0.0017404064992316407,AEFVEVTK_D0,0.0,AEFVEVTK_y4_Soroush_MCX_SDC,0.986683559072787,-4.778851811856725,28.236888283999832
AEFVEVTK,sp|P02769|ALBU_BOVIN,Soroush_MCX_SDC_column12_2uL_23,1,y5,4.331548765468734e-05,AEFVEVTK_D0,0.0,AEFVEVTK_y5_Soroush_MCX_SDC,0.9843455721860873,-5.084153036863917,28.21671397928085
AEFVEVTK,sp|P02769|ALBU_BOVIN,Soroush_MCX_SDC_column12_2uL_23,1,y6,0.0005446640649382386,AEFVEVTK_D0,0.0,AEFVEVTK_y6_Soroush_MCX_SDC,0.9835416088567417,-5.06137675030805,28.9180028924075
AEFVEVTK,sp|P02769|ALBU_BOVIN,Soroush_MCX_SDC_column12_2uL_23,2,precursor,0.00199001096033516,AEFVEVTK_D0,0.0,AEFVEVTK_precursor_Soroush_MCX_SDC,0.9883788205694488,-4.502234876590485,26.99956089459933
AEFVEVTK,sp|P02769|ALBU_BOVIN,Soroush_MCX_SDC_column12_2uL_23,2,precursor [M+1],0.02453193332812823,AEFVEVTK_D0,0.0,AEFVEVTK_precursor [M+1]_Soroush_MCX_SDC,0.9872919411966169,-5.437130115088259,32.84047939195924
AEFVEVTK,sp|P02769|ALBU_BOVIN,Soroush_MCX_SDC_column12_2uL_23,2,precursor [M+2],0.0058353724585615985,AEFVEVTK_D0,0.0,AEFVEVTK_precursor [M+2]_Soroush_MCX_SDC,0.9915655988307887,-4.023148365476494,30.88797619942184
AEFVEVTK,sp|P02769|ALBU_BOVIN,Soroush_MCX_SDC_column12_2uL_23,2,y6,0.0002488452020511711,AEFVEVTK_D0,0.0,AEFVEVTK_y6_Soroush_MCX_SDC,0.9835416088567417,-5.06137675030805,28.9180028924075
GGLEPINFQTAADQAR,sp|P01012|OVAL_CHICK,Soroush_C18_SDC_D2_column12_2uL_11,1,b3,9.776086592518809,GGLEPINFQTAADQAR_D2,157.7142857,GGLEPINFQTAADQAR_b3_Soroush_C18_SDC,0.9883467510060661,-6.089891786425099,16.551444972659734
GGLEPINFQTAADQAR,sp|P01012|OVAL_CHICK,Soroush_C18_SDC_D2_column12_2uL_11,1,b4,9.67107852525338,GGLEPINFQTAADQAR_D2,157.7142857,GGLEPINFQTAADQAR_b4_Soroush_C18_SDC,0.9865765930034905,-6.62461249215967,16.762019157275116
GGLEPINFQTAADQAR,sp|P01012|OVAL_CHICK,Soroush_C18_SDC_D2_column12_2uL_11,1,y10,10.031778341934013,GGLEPINFQTAADQAR_D2,157.7142857,GGLEPINFQTAADQAR_y10_Soroush_C18_SDC,0.9870975660026399,-6.31330939133592,16.135183268691385
GGLEPINFQTAADQAR,sp|P01012|OVAL_CHICK,Soroush_C18_SDC_D2_column12_2uL_11,1,y12,10.235555661105005,GGLEPINFQTAADQAR_D2,157.7142857,GGLEPINFQTAADQAR_y12_Soroush_C18_SDC,0.9883697409234137,-5.8731434442097665,15.927385232565996
GGLEPINFQTAADQAR,sp|P01012|OVAL_CHICK,Soroush_C18_SDC_D2_column12_2uL_11,1,y8,9.944417240420016,GGLEPINFQTAADQAR_D2,157.7142857,GGLEPINFQTAADQAR_y8_Soroush_C18_SDC,0.9885994601276077,-5.896709603639906,16.255280251620682
GGLEPINFQTAADQAR,sp|P01012|OVAL_CHICK,Soroush_C18_SDC_D2_column12_2uL_11,2,precursor,11.551197998616484,GGLEPINFQTAADQAR_D2,157.7142857,GGLEPINFQTAADQAR_precursor_Soroush_C18_SDC,0.9949490682117684,-3.4698370697478964,13.86247503836918
GGLEPINFQTAADQAR,sp|P01012|OVAL_CHICK,Soroush_C18_SDC_D2_column12_2uL_11,2,precursor [M+1],9.458850786864993,GGLEPINFQTAADQAR_D2,157.7142857,GGLEPINFQTAADQAR_precursor [M+1]_Soroush_C18_SDC,0.991733434808801,-4.751128235766885,17.014408308214037
GGLEPINFQTAADQAR,sp|P01012|OVAL_CHICK,Soroush_C18_SDC_D2_column12_2uL_11,2,precursor [M+2],9.36235061712762,GGLEPINFQTAADQAR_D2,157.7142857,GGLEPINFQTAADQAR_precursor [M+2]_Soroush_C18_SDC,0.9933416335563228,-15.163954872230306,18.326723206934545
GGLEPINFQTAADQAR,sp|P01012|OVAL_CHICK,Soroush_C18_SDC_D2_column12_2uL_11,2,y12,10.056544419443238,GGLEPINFQTAADQAR_D2,157.7142857,GGLEPINFQTAADQAR_y12_Soroush_C18_SDC,0.9883697409234137,-5.8731434442097665,15.927385232565996
GGLEPINFQTAADQAR,sp|P01012|OVAL_CHICK,Soroush_C18_SDC_D3_column12_2uL_22,1,b3,1.9330822662915923,GGLEPINFQTAADQAR_D3,15.771428,GGLEPINFQTAADQAR_b3_Soroush_C18_SDC,0.9883467510060661,-6.089891786425099,16.551444972659734
GGLEPINFQTAADQAR,sp|P01012|OVAL_CHICK,Soroush_C18_SDC_D3_column12_2uL_22,1,b4,1.9867811251378584,GGLEPINFQTAADQAR_D3,15.771428,GGLEPINFQTAADQAR_b4_Soroush_C18_SDC,0.9865765930034905,-6.62461249215967,16.762019157275116
GGLEPINFQTAADQAR,sp|P01012|OVAL_CHICK,Soroush_C18_SDC_D3_column12_2uL_22,1,y10,2.030907196424498,GGLEPINFQTAADQAR_D3,15.771428,GGLEPINFQTAADQAR_y10_Soroush_C18_SDC,0.9870975660026399,-6.31330939133592,16.135183268691385
GGLEPINFQTAADQAR,sp|P01012|OVAL_CHICK,Soroush_C18_SDC_D3_column12_2uL_22,1,y12,2.013308783564504,GGLEPINFQTAADQAR_D3,15.771428,GGLEPINFQTAADQAR_y12_Soroush_C18_SDC,0.9883697409234137,-5.8731434442097665,15.927385232565996
GGLEPINFQTAADQAR,sp|P01012|OVAL_CHICK,Soroush_C18_SDC_D3_column12_2uL_22,1,y8,1.9493653305345178,GGLEPINFQTAADQAR_D3,15.771428,GGLEPINFQTAADQAR_y8_Soroush_C18_SDC,0.9885994601276077,-5.896709603639906,16.255280251620682
GGLEPINFQTAADQAR,sp|P01012|OVAL_CHICK,Soroush_C18_SDC_D3_column12_2uL_22,2,precursor,1.8627297916847774,GGLEPINFQTAADQAR_D3,15.771428,GGLEPINFQTAADQAR_precursor_Soroush_C18_SDC,0.9949490682117684,-3.4698370697478964,13.86247503836918
GGLEPINFQTAADQAR,sp|P01012|OVAL_CHICK,Soroush_C18_SDC_D3_column12_2uL_22,2,precursor [M+1],1.7047610096589036,GGLEPINFQTAADQAR_D3,15.771428,GGLEPINFQTAADQAR_precursor [M+1]_Soroush_C18_SDC,0.991733434808801,-4.751128235766885,17.014408308214037
GGLEPINFQTAADQAR,sp|P01012|OVAL_CHICK,Soroush_C18_SDC_D3_column12_2uL_22,2,precursor [M+2],2.1019554909009526,GGLEPINFQTAADQAR_D3,15.771428,GGLEPINFQTAADQAR_precursor [M+2]_Soroush_C18_SDC,0.9933416335563228,-15.163954872230306,18.326723206934545
GGLEPINFQTAADQAR,sp|P01012|OVAL_CHICK,Soroush_C18_SDC_D3_column12_2uL_22,2,y12,1.9681331398966748,GGLEPINFQTAADQAR_D3,15.771428,GGLEPINFQTAADQAR_y12_Soroush_C18_SDC,0.9883697409234137,-5.8731434442097665,15.927385232565996
GGLEPINFQTAADQAR,sp|P01012|OVAL_CHICK,Soroush_C18_SDC_column12_2uL_22,1,b3,0.00965021587890655,GGLEPINFQTAADQAR_D0,2.208,GGLEPINFQTAADQAR_b3_Soroush_C18_SDC,0.9883467510060661,-6.089891786425099,16.551444972659734
GGLEPINFQTAADQAR,sp|P01012|OVAL_CHICK,Soroush_C18_SDC_column12_2uL_22,1,b4,0.009443037996278561,GGLEPINFQTAADQAR_D0,2.208,GGLEPINFQTAADQAR_b4_Soroush_C18_SDC,0.9865765930034905,-6.62461249215967,16.762019157275116
GGLEPINFQTAADQAR,sp|P01012|OVAL_CHICK,Soroush_C18_SDC_column12_2uL_22,1,y10,0.0,GGLEPINFQTAADQAR_D0,2.208,GGLEPINFQTAADQAR_y10_Soroush_C18_SDC,0.9870975660026399,-6.31330939133592,16.135183268691385
GGLEPINFQTAADQAR,sp|P01012|OVAL_CHICK,Soroush_C18_SDC_column12_2uL_22,1,y12,0.0,GGLEPINFQTAADQAR_D0,2.208,GGLEPINFQTAADQAR_y12_Soroush_C18_SDC,0.9883697409234137,-5.8731434442097665,15.927385232565996
GGLEPINFQTAADQAR,sp|P01012|OVAL_CHICK,Soroush_C18_SDC_column12_2uL_22,1,y8,0.002895893979283436,GGLEPINFQTAADQAR_D0,2.208,GGLEPINFQTAADQAR_y8_Soroush_C18_SDC,0.9885994601276077,-5.896709603639906,16.255280251620682
GGLEPINFQTAADQAR,sp|P01012|OVAL_CHICK,Soroush_C18_SDC_column12_2uL_22,2,precursor,0.011035962141131013,GGLEPINFQTAADQAR_D0,2.208,GGLEPINFQTAADQAR_precursor_Soroush_C18_SDC,0.9949490682117684,-3.4698370697478964,13.86247503836918
GGLEPINFQTAADQAR,sp|P01012|OVAL_CHICK,Soroush_C18_SDC_column12_2uL_22,2,precursor [M+1],0.0002850000282343257,GGLEPINFQTAADQAR_D0,2.208,GGLEPINFQTAADQAR_precursor [M+1]_Soroush_C18_SDC,0.991733434808801,-4.751128235766885,17.014408308214037
GGLEPINFQTAADQAR,sp|P01012|OVAL_CHICK,Soroush_C18_SDC_column12_2uL_22,2,precursor [M+2],0.604713313457413,GGLEPINFQTAADQAR_D0,2.208,GGLEPINFQTAADQAR_precursor [M+2]_Soroush_C18_SDC,0.9933416335563228,-15.163954872230306,18.326723206934545
GGLEPINFQTAADQAR,sp|P01012|OVAL_CHICK,Soroush_C18_SDC_column12_2uL_22,2,y12,0.0007680864341500621,GGLEPINFQTAADQAR_D0,2.208,GGLEPINFQTAADQAR_y12_Soroush_C18_SDC,0.9883697409234137,-5.8731434442097665,15.927385232565996
GGLEPINFQTAADQAR,sp|P01012|OVAL_CHICK,Soroush_C18_SDS_D2_column12_2uL_13,1,b3,2.591666463173055,GGLEPINFQTAADQAR_D2,157.7142857,GGLEPINFQTAADQAR_b3_Soroush_C18_SDS,0.998320052165777,-1.7417563100070623,61.66064241173492
GGLEPINFQTAADQAR,sp|P01012|OVAL_CHICK,Soroush_C18_SDS_D2_column12_2uL_13,1,b4,2.5344864651724466,GGLEPINFQTAADQAR_D2,157.7142857,GGLEPINFQTAADQAR_b4_Soroush_C18_SDS,0.998370408635198,-1.6876047577904103,62.52083419988497
GGLEPINFQTAADQAR,sp|P01012|OVAL_CHICK,Soroush_C18_SDS_D2_column12_2uL_13,1,y10,2.7773721730178886,GGLEPINFQTAADQAR_D2,157.7142857,GGLEPINFQTAADQAR_y10_Soroush_C18_SDS,0.9986779291630798,-1.3064168156564904,57.32032278295945
GGLEPINFQTAADQAR,sp|P01012|OVAL_CHICK,Soroush_C18_SDS_D2_column12_2uL_13,1,y12,2.809470458039946,GGLEPINFQTAADQAR_D2,157.7142857,GGLEPINFQTAADQAR_y12_Soroush_C18_SDS,0.9982141747518918,-1.45606167979021,57.31520685597266
GGLEPINFQTAADQAR,sp|P01012|OVAL_CHICK,Soroush_C18_SDS_D2_column12_2uL_13,1,y8,2.772296147486944,GGLEPINFQTAADQAR_D2,157.7142857,GGLEPINFQTAADQAR_y8_Soroush_C18_SDS,0.9985933318149685,-1.5470062472397927,57.27963626319338
GGLEPINFQTAADQAR,sp|P01012|OVAL_CHICK,Soroush_C18_SDS_D2_column12_2uL_13,2,precursor,1.9050920992593907,GGLEPINFQTAADQAR_D2,157.7142857,GGLEPINFQTAADQAR_precursor_Soroush_C18_SDS,0.9981168169091575,-2.3246552631336357,84.56015594018258
GGLEPINFQTAADQAR,sp|P01012|OVAL_CHICK,Soroush_C18_SDS_D2_column12_2uL_13,2,precursor [M+1],2.518607708761285,GGLEPINFQTAADQAR_D2,157.7142857,GGLEPINFQTAADQAR_precursor [M+1]_Soroush_C18_SDS,0.9988637334684382,-1.2431068171863018,63.22891843412041
GGLEPINFQTAADQAR,sp|P01012|OVAL_CHICK,Soroush_C18_SDS_D2_column12_2uL_13,2,precursor [M+2],1.577828483650969,GGLEPINFQTAADQAR_D2,157.7142857,GGLEPINFQTAADQAR_precursor [M+2]_Soroush_C18_SDS,0.9987959288640779,-1.393667469116906,100.557378760385
GGLEPINFQTAADQAR,sp|P01012|OVAL_CHICK,Soroush_C18_SDS_D2_column12_2uL_13,2,y12,2.7461096675977754,GGLEPINFQTAADQAR_D2,157.7142857,GGLEPINFQTAADQAR_y12_Soroush_C18_SDS,0.9982141747518918,-1.45606167979021,57.31520685597266
GGLEPINFQTAADQAR,sp|P01012|OVAL_CHICK,Soroush_C18_SDS_D2_column12_2uL_132,1,b3,2.570040719509942,GGLEPINFQTAADQAR_D2,157.7142857,GGLEPINFQTAADQAR_b3_Soroush_C18_SDS,0.998320052165777,-1.7417563100070623,61.66064241173492
GGLEPINFQTAADQAR,sp|P01012|OVAL_CHICK,Soroush_C18_SDS_D2_column12_2uL_132,1,b4,2.5546788757777983,GGLEPINFQTAADQAR_D2,157.7142857,GGLEPINFQTAADQAR_b4_Soroush_C18_SDS,0.998370408635198,-1.6876047577904103,62.52083419988497
GGLEPINFQTAADQAR,sp|P01012|OVAL_CHICK,Soroush_C18_SDS_D2_column12_2uL_132,1,y10,2.761652943069457,GGLEPINFQTAADQAR_D2,157.7142857,GGLEPINFQTAADQAR_y10_Soroush_C18_SDS,0.9986779291630798,-1.3064168156564904,57.32032278295945
GGLEPINFQTAADQAR,sp|P01012|OVAL_CHICK,Soroush_C18_SDS_D2_column12_2uL_132,1,y12,2.8006879708034003,GGLEPINFQTAADQAR_D2,157.7142857,GGLEPINFQTAADQAR_y12_Soroush_C18_SDS,0.9982141747518918,-1.45606167979021,57.31520685597266
GGLEPINFQTAADQAR,sp|P01012|OVAL_CHICK,Soroush_C18_SDS_D2_column12_2uL_132,1,y8,2.7786172524485373,GGLEPINFQTAADQAR_D2,157.7142857,GGLEPINFQTAADQAR_y8_Soroush_C18_SDS,0.9985933318149685,-1.5470062472397927,57.27963626319338
GGLEPINFQTAADQAR,sp|P01012|OVAL_CHICK,Soroush_C18_SDS_D2_column12_2uL_132,2,precursor,1.8721221480716714,GGLEPINFQTAADQAR_D2,157.7142857,GGLEPINFQTAADQAR_precursor_Soroush_C18_SDS,0.9981168169091575,-2.3246552631336357,84.56015594018258
GGLEPINFQTAADQAR,sp|P01012|OVAL_CHICK,Soroush_C18_SDS_D2_column12_2uL_132,2,precursor [M+1],2.501664546907471,GGLEPINFQTAADQAR_D2,157.7142857,GGLEPINFQTAADQAR_precursor [M+1]_Soroush_C18_SDS,0.9988637334684382,-1.2431068171863018,63.22891843412041
GGLEPINFQTAADQAR,sp|P01012|OVAL_CHICK,Soroush_C18_SDS_D2_column12_2uL_132,2,precursor [M+2],1.5816083260028793,GGLEPINFQTAADQAR_D2,157.7142857,GGLEPINFQTAADQAR_precursor [M+2]_Soroush_C18_SDS,0.9987959288640779,-1.393667469116906,100.557378760385
GGLEPINFQTAADQAR,sp|P01012|OVAL_CHICK,Soroush_C18_SDS_D2_column12_2uL_132,2,y12,2.730188349186107,GGLEPINFQTAADQAR_D2,157.7142857,GGLEPINFQTAADQAR_y12_Soroush_C18_SDS,0.9982141747518918,-1.45606167979021,57.31520685597266
GGLEPINFQTAADQAR,sp|P01012|OVAL_CHICK,Soroush_C18_SDS_D3_column12_2uL_21,1,b3,0.3580208694782429,GGLEPINFQTAADQAR_D3,15.771428,GGLEPINFQTAADQAR_b3_Soroush_C18_SDS,0.998320052165777,-1.7417563100070623,61.66064241173492
GGLEPINFQTAADQAR,sp|P01012|OVAL_CHICK,Soroush_C18_SDS_D3_column12_2uL_21,1,b4,0.35116670312006837,GGLEPINFQTAADQAR_D3,15.771428,GGLEPINFQTAADQAR_b4_Soroush_C18_SDS,0.998370408635198,-1.6876047577904103,62.52083419988497
GGLEPINFQTAADQAR,sp|P01012|OVAL_CHICK,Soroush_C18_SDS_D3_column12_2uL_21,1,y10,0.36871667986948314,GGLEPINFQTAADQAR_D3,15.771428,GGLEPINFQTAADQAR_y10_Soroush_C18_SDS,0.9986779291630798,-1.3064168156564904,57.32032278295945
GGLEPINFQTAADQAR,sp|P01012|OVAL_CHICK,Soroush_C18_SDS_D3_column12_2uL_21,1,y12,0.3747424285196208,GGLEPINFQTAADQAR_D3,15.771428,GGLEPINFQTAADQAR_y12_Soroush_C18_SDS,0.9982141747518918,-1.45606167979021,57.31520685597266
GGLEPINFQTAADQAR,sp|P01012|OVAL_CHICK,Soroush_C18_SDS_D3_column12_2uL_21,1,y8,0.3758815907031588,GGLEPINFQTAADQAR_D3,15.771428,GGLEPINFQTAADQAR_y8_Soroush_C18_SDS,0.9985933318149685,-1.5470062472397927,57.27963626319338
GGLEPINFQTAADQAR,sp|P01012|OVAL_CHICK,Soroush_C18_SDS_D3_column12_2uL_21,2,precursor,0.2691966788053835,GGLEPINFQTAADQAR_D3,15.771428,GGLEPINFQTAADQAR_precursor_Soroush_C18_SDS,0.9981168169091575,-2.3246552631336357,84.56015594018258
GGLEPINFQTAADQAR,sp|P01012|OVAL_CHICK,Soroush_C18_SDS_D3_column12_2uL_21,2,precursor [M+1],0.3282262279839736,GGLEPINFQTAADQAR_D3,15.771428,GGLEPINFQTAADQAR_precursor [M+1]_Soroush_C18_SDS,0.9988637334684382,-1.2431068171863018,63.22891843412041
GGLEPINFQTAADQAR,sp|P01012|OVAL_CHICK,Soroush_C18_SDS_D3_column12_2uL_21,2,precursor [M+2],0.2093787316713329,GGLEPINFQTAADQAR_D3,15.771428,GGLEPINFQTAADQAR_precursor [M+2]_Soroush_C18_SDS,0.9987959288640779,-1.393667469116906,100.557378760385
GGLEPINFQTAADQAR,sp|P01012|OVAL_CHICK,Soroush_C18_SDS_D3_column12_2uL_21,2,y12,0.3761748370231978,GGLEPINFQTAADQAR_D3,15.771428,GGLEPINFQTAADQAR_y12_Soroush_C18_SDS,0.9982141747518918,-1.45606167979021,57.31520685597266
GGLEPINFQTAADQAR,sp|P01012|OVAL_CHICK,Soroush_C18_SDS_column12_2uL_21,1,b3,0.0004062073425160638,GGLEPINFQTAADQAR_D0,2.208,GGLEPINFQTAADQAR_b3_Soroush_C18_SDS,0.998320052165777,-1.7417563100070623,61.66064241173492
GGLEPINFQTAADQAR,sp|P01012|OVAL_CHICK,Soroush_C18_SDS_column12_2uL_21,1,b4,0.0003890017116944195,GGLEPINFQTAADQAR_D0,2.208,GGLEPINFQTAADQAR_b4_Soroush_C18_SDS,0.998370408635198,-1.6876047577904103,62.52083419988497
GGLEPINFQTAADQAR,sp|P01012|OVAL_CHICK,Soroush_C18_SDS_column12_2uL_21,1,y10,0.0,GGLEPINFQTAADQAR_D0,2.208,GGLEPINFQTAADQAR_y10_Soroush_C18_SDS,0.9986779291630798,-1.3064168156564904,57.32032278295945
GGLEPINFQTAADQAR,sp|P01012|OVAL_CHICK,Soroush_C18_SDS_column12_2uL_21,1,y12,0.0,GGLEPINFQTAADQAR_D0,2.208,GGLEPINFQTAADQAR_y12_Soroush_C18_SDS,0.9982141747518918,-1.45606167979021,57.31520685597266
GGLEPINFQTAADQAR,sp|P01012|OVAL_CHICK,Soroush_C18_SDS_column12_2uL_21,1,y8,0.001944200870088401,GGLEPINFQTAADQAR_D0,2.208,GGLEPINFQTAADQAR_y8_Soroush_C18_SDS,0.9985933318149685,-1.5470062472397927,57.27963626319338
GGLEPINFQTAADQAR,sp|P01012|OVAL_CHICK,Soroush_C18_SDS_column12_2uL_21,2,precursor,0.0064035068804885265,GGLEPINFQTAADQAR_D0,2.208,GGLEPINFQTAADQAR_precursor_Soroush_C18_SDS,0.9981168169091575,-2.3246552631336357,84.56015594018258
GGLEPINFQTAADQAR,sp|P01012|OVAL_CHICK,Soroush_C18_SDS_column12_2uL_21,2,precursor [M+1],0.0031734261129131762,GGLEPINFQTAADQAR_D0,2.208,GGLEPINFQTAADQAR_precursor [M+1]_Soroush_C18_SDS,0.9988637334684382,-1.2431068171863018,63.22891843412041
GGLEPINFQTAADQAR,sp|P01012|OVAL_CHICK,Soroush_C18_SDS_column12_2uL_21,2,precursor [M+2],0.0022217058192449805,GGLEPINFQTAADQAR_D0,2.208,GGLEPINFQTAADQAR_precursor [M+2]_Soroush_C18_SDS,0.9987959288640779,-1.393667469116906,100.557378760385
GGLEPINFQTAADQAR,sp|P01012|OVAL_CHICK,Soroush_C18_SDS_column12_2uL_21,2,y12,5.180738796123604e-05,GGLEPINFQTAADQAR_D0,2.208,GGLEPINFQTAADQAR_y12_Soroush_C18_SDS,0.9982141747518918,-1.45606167979021,57.31520685597266
GGLEPINFQTAADQAR,sp|P01012|OVAL_CHICK,Soroush_MCX_SDC_D2_column12_2uL_12,1,b3,7.835124323570274,GGLEPINFQTAADQAR_D2,157.7142857,GGLEPINFQTAADQAR_b3_Soroush_MCX_SDC,0.9759944691969479,-9.09217221633422,20.83281276545472
GGLEPINFQTAADQAR,sp|P01012|OVAL_CHICK,Soroush_MCX_SDC_D2_column12_2uL_12,1,b4,7.5893004825629085,GGLEPINFQTAADQAR_D2,157.7142857,GGLEPINFQTAADQAR_b4_Soroush_MCX_SDC,0.9746010510937881,-9.408880432973987,21.52672869195021
GGLEPINFQTAADQAR,sp|P01012|OVAL_CHICK,Soroush_MCX_SDC_D2_column12_2uL_12,1,y10,8.32694403485312,GGLEPINFQTAADQAR_D2,157.7142857,GGLEPINFQTAADQAR_y10_Soroush_MCX_SDC,0.9778043256955339,-8.61406855861253,19.571888835579433
GGLEPINFQTAADQAR,sp|P01012|OVAL_CHICK,Soroush_MCX_SDC_D2_column12_2uL_12,1,y12,8.326727601796534,GGLEPINFQTAADQAR_D2,157.7142857,GGLEPINFQTAADQAR_y12_Soroush_MCX_SDC,0.9784188477786301,-8.472536107477985,19.646752649642167
GGLEPINFQTAADQAR,sp|P01012|OVAL_CHICK,Soroush_MCX_SDC_D2_column12_2uL_12,1,y8,8.225461555652448,GGLEPINFQTAADQAR_D2,157.7142857,GGLEPINFQTAADQAR_y8_Soroush_MCX_SDC,0.9797926744513086,-8.187159466880857,19.791719105909863
GGLEPINFQTAADQAR,sp|P01012|OVAL_CHICK,Soroush_MCX_SDC_D2_column12_2uL_12,2,precursor,9.371691462657326,GGLEPINFQTAADQAR_D2,157.7142857,GGLEPINFQTAADQAR_precursor_Soroush_MCX_SDC,0.9832989567610183,-7.44824115105223,17.339784375857427
GGLEPINFQTAADQAR,sp|P01012|OVAL_CHICK,Soroush_MCX_SDC_D2_column12_2uL_12,2,precursor [M+1],8.474509164910502,GGLEPINFQTAADQAR_D2,157.7142857,GGLEPINFQTAADQAR_precursor [M+1]_Soroush_MCX_SDC,0.9841312783546512,-7.158607062723405,19.15401917312491
GGLEPINFQTAADQAR,sp|P01012|OVAL_CHICK,Soroush_MCX_SDC_D2_column12_2uL_12,2,precursor [M+2],8.601375971854846,GGLEPINFQTAADQAR_D2,157.7142857,GGLEPINFQTAADQAR_precursor [M+2]_Soroush_MCX_SDC,0.9944471596110582,-16.886668611131995,20.167526727217467
GGLEPINFQTAADQAR,sp|P01012|OVAL_CHICK,Soroush_MCX_SDC_D2_column12_2uL_12,2,y12,8.257209363127744,GGLEPINFQTAADQAR_D2,157.7142857,GGLEPINFQTAADQAR_y12_Soroush_MCX_SDC,0.9784188477786301,-8.472536107477985,19.646752649642167
GGLEPINFQTAADQAR,sp|P01012|OVAL_CHICK,Soroush_MCX_SDC_D3_column12_2uL_23,1,b3,1.9024507916860185,GGLEPINFQTAADQAR_D3,15.771428,GGLEPINFQTAADQAR_b3_Soroush_MCX_SDC,0.9759944691969479,-9.09217221633422,20.83281276545472
GGLEPINFQTAADQAR,sp|P01012|OVAL_CHICK,Soroush_MCX_SDC_D3_column12_2uL_23,1,b4,1.8764051907656094,GGLEPINFQTAADQAR_D3,15.771428,GGLEPINFQTAADQAR_b4_Soroush_MCX_SDC,0.9746010510937881,-9.408880432973987,21.52672869195021
GGLEPINFQTAADQAR,sp|P01012|OVAL_CHICK,Soroush_MCX_SDC_D3_column12_2uL_23,1,y10,1.9702695385996682,GGLEPINFQTAADQAR_D3,15.771428,GGLEPINFQTAADQAR_y10_Soroush_MCX_SDC,0.9778043256955339,-8.61406855861253,19.571888835579433
GGLEPINFQTAADQAR,sp|P01012|OVAL_CHICK,Soroush_MCX_SDC_D3_column12_2uL_23,1,y12,1.9637032537609589,GGLEPINFQTAADQAR_D3,15.771428,GGLEPINFQTAADQAR_y12_Soroush_MCX_SDC,0.9784188477786301,-8.472536107477985,19.646752649642167
GGLEPINFQTAADQAR,sp|P01012|OVAL_CHICK,Soroush_MCX_SDC_D3_column12_2uL_23,1,y8,1.8925283978461316,GGLEPINFQTAADQAR_D3,15.771428,GGLEPINFQTAADQAR_y8_Soroush_MCX_SDC,0.9797926744513086,-8.187159466880857,19.791719105909863
GGLEPINFQTAADQAR,sp|P01012|OVAL_CHICK,Soroush_MCX_SDC_D3_column12_2uL_23,2,precursor,2.04384111737297,GGLEPINFQTAADQAR_D3,15.771428,GGLEPINFQTAADQAR_precursor_Soroush_MCX_SDC,0.9832989567610183,-7.44824115105223,17.339784375857427
GGLEPINFQTAADQAR,sp|P01012|OVAL_CHICK,Soroush_MCX_SDC_D3_column12_2uL_23,2,precursor [M+1],1.8183598609091807,GGLEPINFQTAADQAR_D3,15.771428,GGLEPINFQTAADQAR_precursor [M+1]_Soroush_MCX_SDC,0.9841312783546512,-7.158607062723405,19.15401917312491
GGLEPINFQTAADQAR,sp|P01012|OVAL_CHICK,Soroush_MCX_SDC_D3_column12_2uL_23,2,precursor [M+2],1.9619365977824872,GGLEPINFQTAADQAR_D3,15.771428,GGLEPINFQTAADQAR_precursor [M+2]_Soroush_MCX_SDC,0.9944471596110582,-16.886668611131995,20.167526727217467
GGLEPINFQTAADQAR,sp|P01012|OVAL_CHICK,Soroush_MCX_SDC_D3_column12_2uL_23,2,y12,1.9250888484358806,GGLEPINFQTAADQAR_D3,15.771428,GGLEPINFQTAADQAR_y12_Soroush_MCX_SDC,0.9784188477786301,-8.472536107477985,19.646752649642167
GGLEPINFQTAADQAR,sp|P01012|OVAL_CHICK,Soroush_MCX_SDC_column12_2uL_23,1,b3,0.005239387717156692,GGLEPINFQTAADQAR_D0,2.208,GGLEPINFQTAADQAR_b3_Soroush_MCX_SDC,0.9759944691969479,-9.09217221633422,20.83281276545472
GGLEPINFQTAADQAR,sp|P01012|OVAL_CHICK,Soroush_MCX_SDC_column12_2uL_23,1,b4,0.007185350525781578,GGLEPINFQTAADQAR_D0,2.208,GGLEPINFQTAADQAR_b4_Soroush_MCX_SDC,0.9746010510937881,-9.408880432973987,21.52672869195021
GGLEPINFQTAADQAR,sp|P01012|OVAL_CHICK,Soroush_MCX_SDC_column12_2uL_23,1,y10,0.0,GGLEPINFQTAADQAR_D0,2.208,GGLEPINFQTAADQAR_y10_Soroush_MCX_SDC,0.9778043256955339,-8.61406855861253,19.571888835579433
GGLEPINFQTAADQAR,sp|P01012|OVAL_CHICK,Soroush_MCX_SDC_column12_2uL_23,1,y12,0.0,GGLEPINFQTAADQAR_D0,2.208,GGLEPINFQTAADQAR_y12_Soroush_MCX_SDC,0.9784188477786301,-8.472536107477985,19.646752649642167
GGLEPINFQTAADQAR,sp|P01012|OVAL_CHICK,Soroush_MCX_SDC_column12_2uL_23,1,y8,0.00014031244915421113,GGLEPINFQTAADQAR_D0,2.208,GGLEPINFQTAADQAR_y8_Soroush_MCX_SDC,0.9797926744513086,-8.187159466880857,19.791719105909863
GGLEPINFQTAADQAR,sp|P01012|OVAL_CHICK,Soroush_MCX_SDC_column12_2uL_23,2,precursor,0.005511238074507033,GGLEPINFQTAADQAR_D0,2.208,GGLEPINFQTAADQAR_precursor_Soroush_MCX_SDC,0.9832989567610183,-7.44824115105223,17.339784375857427
GGLEPINFQTAADQAR,sp|P01012|OVAL_CHICK,Soroush_MCX_SDC_column12_2uL_23,2,precursor [M+1],0.0010297693125513006,GGLEPINFQTAADQAR_D0,2.208,GGLEPINFQTAADQAR_precursor [M+1]_Soroush_MCX_SDC,0.9841312783546512,-7.158607062723405,19.15401917312491
GGLEPINFQTAADQAR,sp|P01012|OVAL_CHICK,Soroush_MCX_SDC_column12_2uL_23,2,precursor [M+2],0.6603601491356658,GGLEPINFQTAADQAR_D0,2.208,GGLEPINFQTAADQAR_precursor [M+2]_Soroush_MCX_SDC,0.9944471596110582,-16.886668611131995,20.167526727217467
GGLEPINFQTAADQAR,sp|P01012|OVAL_CHICK,Soroush_MCX_SDC_column12_2uL_23,2,y12,0.0,GGLEPINFQTAADQAR_D0,2.208,GGLEPINFQTAADQAR_y12_Soroush_MCX_SDC,0.9784188477786301,-8.472536107477985,19.646752649642167
YICDNQDTISSK,sp|P02769|ALBU_BOVIN,Soroush_C18_SDC_D2_column12_2uL_11,1,b2,82.78702480576516,YICDNQDTISSK_D2,134.7142857,YICDNQDTISSK_b2_Soroush_C18_SDC,0.998159973200153,-2.909017661678412,1.6564551195917239
YICDNQDTISSK,sp|P02769|ALBU_BOVIN,Soroush_C18_SDC_D2_column12_2uL_11,1,b3,81.65018648068516,YICDNQDTISSK_D2,134.7142857,YICDNQDTISSK_b3_Soroush_C18_SDC,0.9972414768690685,-3.5351616001080473,1.6853134465112625
YICDNQDTISSK,sp|P02769|ALBU_BOVIN,Soroush_C18_SDC_D2_column12_2uL_11,1,y10,85.48614953941605,YICDNQDTISSK_D2,134.7142857,YICDNQDTISSK_y10_Soroush_C18_SDC,0.9971866988233489,-3.5625438431052956,1.6109718696613158
YICDNQDTISSK,sp|P02769|ALBU_BOVIN,Soroush_C18_SDC_D2_column12_2uL_11,1,y3,87.53919752672829,YICDNQDTISSK_D2,134.7142857,YICDNQDTISSK_y3_Soroush_C18_SDC,0.9980380766917513,-3.000581652144888,1.5673357314019987
YICDNQDTISSK,sp|P02769|ALBU_BOVIN,Soroush_C18_SDC_D2_column12_2uL_11,1,y9,91.94715049392283,YICDNQDTISSK_D2,134.7142857,YICDNQDTISSK_y9_Soroush_C18_SDC,0.9985383855347896,-2.602005936751965,1.4888384650965627
YICDNQDTISSK,sp|P02769|ALBU_BOVIN,Soroush_C18_SDC_D2_column12_2uL_11,2,precursor,108.7567489181755,YICDNQDTISSK_D2,134.7142857,YICDNQDTISSK_precursor_Soroush_C18_SDC,0.9993021276839098,-1.8566245274226816,1.2533104839334175
YICDNQDTISSK,sp|P02769|ALBU_BOVIN,Soroush_C18_SDC_D2_column12_2uL_11,2,precursor [M+1],103.06066492432431,YICDNQDTISSK_D2,134.7142857,YICDNQDTISSK_precursor [M+1]_Soroush_C18_SDC,0.999600577035499,-1.3789727235400093,1.3186773901546744
YICDNQDTISSK,sp|P02769|ALBU_BOVIN,Soroush_C18_SDC_D2_column12_2uL_11,2,precursor [M+2],99.44633594336854,YICDNQDTISSK_D2,134.7142857,YICDNQDTISSK_precursor [M+2]_Soroush_C18_SDC,0.9998340818312063,-0.8933890033966776,1.362476971753294
YICDNQDTISSK,sp|P02769|ALBU_BOVIN,Soroush_C18_SDC_D2_column12_2uL_11,2,y10,85.37409364267323,YICDNQDTISSK_D2,134.7142857,YICDNQDTISSK_y10_Soroush_C18_SDC,0.9971866988233489,-3.5625438431052956,1.6109718696613158
YICDNQDTISSK,sp|P02769|ALBU_BOVIN,Soroush_C18_SDC_D3_column12_2uL_22,1,b2,11.941028389971557,YICDNQDTISSK_D3,13.47143,YICDNQDTISSK_b2_Soroush_C18_SDC,0.998159973200153,-2.909017661678412,1.6564551195917239
YICDNQDTISSK,sp|P02769|ALBU_BOVIN,Soroush_C18_SDC_D3_column12_2uL_22,1,b3,12.570387638055177,YICDNQDTISSK_D3,13.47143,YICDNQDTISSK_b3_Soroush_C18_SDC,0.9972414768690685,-3.5351616001080473,1.6853134465112625
YICDNQDTISSK,sp|P02769|ALBU_BOVIN,Soroush_C18_SDC_D3_column12_2uL_22,1,y10,13.000003700944402,YICDNQDTISSK_D3,13.47143,YICDNQDTISSK_y10_Soroush_C18_SDC,0.9971866988233489,-3.5625438431052956,1.6109718696613158
YICDNQDTISSK,sp|P02769|ALBU_BOVIN,Soroush_C18_SDC_D3_column12_2uL_22,1,y3,12.75039423535629,YICDNQDTISSK_D3,13.47143,YICDNQDTISSK_y3_Soroush_C18_SDC,0.9980380766917513,-3.000581652144888,1.5673357314019987
YICDNQDTISSK,sp|P02769|ALBU_BOVIN,Soroush_C18_SDC_D3_column12_2uL_22,1,y9,12.826965145370927,YICDNQDTISSK_D3,13.47143,YICDNQDTISSK_y9_Soroush_C18_SDC,0.9985383855347896,-2.602005936751965,1.4888384650965627
YICDNQDTISSK,sp|P02769|ALBU_BOVIN,Soroush_C18_SDC_D3_column12_2uL_22,2,precursor,13.888874984549549,YICDNQDTISSK_D3,13.47143,YICDNQDTISSK_precursor_Soroush_C18_SDC,0.9993021276839098,-1.8566245274226816,1.2533104839334175
YICDNQDTISSK,sp|P02769|ALBU_BOVIN,Soroush_C18_SDC_D3_column12_2uL_22,2,precursor [M+1],12.451009885504133,YICDNQDTISSK_D3,13.47143,YICDNQDTISSK_precursor [M+1]_Soroush_C18_SDC,0.999600577035499,-1.3789727235400093,1.3186773901546744
YICDNQDTISSK,sp|P02769|ALBU_BOVIN,Soroush_C18_SDC_D3_column12_2uL_22,2,precursor [M+2],11.282788906388987,YICDNQDTISSK_D3,13.47143,YICDNQDTISSK_precursor [M+2]_Soroush_C18_SDC,0.9998340818312063,-0.8933890033966776,1.362476971753294
YICDNQDTISSK,sp|P02769|ALBU_BOVIN,Soroush_C18_SDC_D3_column12_2uL_22,2,y10,13.378885868200268,YICDNQDTISSK_D3,13.47143,YICDNQDTISSK_y10_Soroush_C18_SDC,0.9971866988233489,-3.5625438431052956,1.6109718696613158
YICDNQDTISSK,sp|P02769|ALBU_BOVIN,Soroush_C18_SDC_column12_2uL_22,1,b2,0.0,YICDNQDTISSK_D0,0.0,YICDNQDTISSK_b2_Soroush_C18_SDC,0.998159973200153,-2.909017661678412,1.6564551195917239
YICDNQDTISSK,sp|P02769|ALBU_BOVIN,Soroush_C18_SDC_column12_2uL_22,1,b3,0.0,YICDNQDTISSK_D0,0.0,YICDNQDTISSK_b3_Soroush_C18_SDC,0.9972414768690685,-3.5351616001080473,1.6853134465112625
YICDNQDTISSK,sp|P02769|ALBU_BOVIN,Soroush_C18_SDC_column12_2uL_22,1,y10,0.0,YICDNQDTISSK_D0,0.0,YICDNQDTISSK_y10_Soroush_C18_SDC,0.9971866988233489,-3.5625438431052956,1.6109718696613158
YICDNQDTISSK,sp|P02769|ALBU_BOVIN,Soroush_C18_SDC_column12_2uL_22,1,y3,0.0,YICDNQDTISSK_D0,0.0,YICDNQDTISSK_y3_Soroush_C18_SDC,0.9980380766917513,-3.000581652144888,1.5673357314019987
YICDNQDTISSK,sp|P02769|ALBU_BOVIN,Soroush_C18_SDC_column12_2uL_22,1,y9,0.0,YICDNQDTISSK_D0,0.0,YICDNQDTISSK_y9_Soroush_C18_SDC,0.9985383855347896,-2.602005936751965,1.4888384650965627
YICDNQDTISSK,sp|P02769|ALBU_BOVIN,Soroush_C18_SDC_column12_2uL_22,2,precursor,0.033944530882941956,YICDNQDTISSK_D0,0.0,YICDNQDTISSK_precursor_Soroush_C18_SDC,0.9993021276839098,-1.8566245274226816,1.2533104839334175
YICDNQDTISSK,sp|P02769|ALBU_BOVIN,Soroush_C18_SDC_column12_2uL_22,2,precursor [M+1],0.0,YICDNQDTISSK_D0,0.0,YICDNQDTISSK_precursor [M+1]_Soroush_C18_SDC,0.999600577035499,-1.3789727235400093,1.3186773901546744
YICDNQDTISSK,sp|P02769|ALBU_BOVIN,Soroush_C18_SDC_column12_2uL_22,2,precursor [M+2],0.0,YICDNQDTISSK_D0,0.0,YICDNQDTISSK_precursor [M+2]_Soroush_C18_SDC,0.9998340818312063,-0.8933890033966776,1.362476971753294
YICDNQDTISSK,sp|P02769|ALBU_BOVIN,Soroush_C18_SDC_column12_2uL_22,2,y10,0.0,YICDNQDTISSK_D0,0.0,YICDNQDTISSK_y10_Soroush_C18_SDC,0.9971866988233489,-3.5625438431052956,1.6109718696613158
YICDNQDTISSK,sp|P02769|ALBU_BOVIN,Soroush_C18_SDS_D2_column12_2uL_13,1,b2,6.657013919573228,YICDNQDTISSK_D2,134.7142857,YICDNQDTISSK_b2_Soroush_C18_SDS,0.9991336775724905,-2.462989533020121,20.57705076663761
YICDNQDTISSK,sp|P02769|ALBU_BOVIN,Soroush_C18_SDS_D2_column12_2uL_13,1,b3,6.333042196204525,YICDNQDTISSK_D2,134.7142857,YICDNQDTISSK_b3_Soroush_C18_SDS,0.9986190012376236,-3.0860697611549597,21.717068600056304
YICDNQDTISSK,sp|P02769|ALBU_BOVIN,Soroush_C18_SDS_D2_column12_2uL_13,1,y10,7.015466072194128,YICDNQDTISSK_D2,134.7142857,YICDNQDTISSK_y10_Soroush_C18_SDS,0.999276997944235,-2.223772555698247,19.541810315981138
YICDNQDTISSK,sp|P02769|ALBU_BOVIN,Soroush_C18_SDS_D2_column12_2uL_13,1,y3,7.289323568177392,YICDNQDTISSK_D2,134.7142857,YICDNQDTISSK_y3_Soroush_C18_SDS,0.9993456599542246,-2.146685949702487,18.753085240174997
YICDNQDTISSK,sp|P02769|ALBU_BOVIN,Soroush_C18_SDS_D2_column12_2uL_13,1,y9,7.131482508600336,YICDNQDTISSK_D2,134.7142857,YICDNQDTISSK_y9_Soroush_C18_SDS,0.9993832066768671,-2.090097928747042,19.161046019690716
YICDNQDTISSK,sp|P02769|ALBU_BOVIN,Soroush_C18_SDS_D2_column12_2uL_13,2,precursor,7.594985413394798,YICDNQDTISSK_D2,134.7142857,YICDNQDTISSK_precursor_Soroush_C18_SDS,0.9999227283583945,0.7077441587836546,17.64894278774441
YICDNQDTISSK,sp|P02769|ALBU_BOVIN,Soroush_C18_SDS_D2_column12_2uL_13,2,precursor [M+1],7.383647816555545,YICDNQDTISSK_D2,134.7142857,YICDNQDTISSK_precursor [M+1]_Soroush_C18_SDS,0.9997744169136049,1.2934554806408727,18.077503982391136
YICDNQDTISSK,sp|P02769|ALBU_BOVIN,Soroush_C18_SDS_D2_column12_2uL_13,2,precursor [M+2],6.904695769196936,YICDNQDTISSK_D2,134.7142857,YICDNQDTISSK_precursor [M+2]_Soroush_C18_SDS,0.9998271168699154,1.0862669554502418,19.36067565299713
YICDNQDTISSK,sp|P02769|ALBU_BOVIN,Soroush_C18_SDS_D2_column12_2uL_13,2,y10,6.981753556318042,YICDNQDTISSK_D2,134.7142857,YICDNQDTISSK_y10_Soroush_C18_SDS,0.999276997944235,-2.223772555698247,19.541810315981138
YICDNQDTISSK,sp|P02769|ALBU_BOVIN,Soroush_C18_SDS_D2_column12_2uL_132,1,b2,6.657013919573228,YICDNQDTISSK_D2,134.7142857,YICDNQDTISSK_b2_Soroush_C18_SDS,0.9991336775724905,-2.462989533020121,20.57705076663761
YICDNQDTISSK,sp|P02769|ALBU_BOVIN,Soroush_C18_SDS_D2_column12_2uL_132,1,b3,6.333042196204525,YICDNQDTISSK_D2,134.7142857,YICDNQDTISSK_b3_Soroush_C18_SDS,0.9986190012376236,-3.0860697611549597,21.717068600056304
YICDNQDTISSK,sp|P02769|ALBU_BOVIN,Soroush_C18_SDS_D2_column12_2uL_132,1,y10,7.015466072194128,YICDNQDTISSK_D2,134.7142857,YICDNQDTISSK_y10_Soroush_C18_SDS,0.999276997944235,-2.223772555698247,19.541810315981138
YICDNQDTISSK,sp|P02769|ALBU_BOVIN,Soroush_C18_SDS_D2_column12_2uL_132,1,y3,7.289323568177392,YICDNQDTISSK_D2,134.7142857,YICDNQDTISSK_y3_Soroush_C18_SDS,0.9993456599542246,-2.146685949702487,18.753085240174997
YICDNQDTISSK,sp|P02769|ALBU_BOVIN,Soroush_C18_SDS_D2_column12_2uL_132,1,y9,7.131482508600336,YICDNQDTISSK_D2,134.7142857,YICDNQDTISSK_y9_Soroush_C18_SDS,0.9993832066768671,-2.090097928747042,19.161046019690716
YICDNQDTISSK,sp|P02769|ALBU_BOVIN,Soroush_C18_SDS_D2_column12_2uL_132,2,precursor,7.594985413394798,YICDNQDTISSK_D2,134.7142857,YICDNQDTISSK_precursor_Soroush_C18_SDS,0.9999227283583945,0.7077441587836546,17.64894278774441
YICDNQDTISSK,sp|P02769|ALBU_BOVIN,Soroush_C18_SDS_D2_column12_2uL_132,2,precursor [M+1],7.383647816555545,YICDNQDTISSK_D2,134.7142857,YICDNQDTISSK_precursor [M+1]_Soroush_C18_SDS,0.9997744169136049,1.2934554806408727,18.077503982391136
YICDNQDTISSK,sp|P02769|ALBU_BOVIN,Soroush_C18_SDS_D2_column12_2uL_132,2,precursor [M+2],6.904695769196936,YICDNQDTISSK_D2,134.7142857,YICDNQDTISSK_precursor [M+2]_Soroush_C18_SDS,0.9998271168699154,1.0862669554502418,19.36067565299713
YICDNQDTISSK,sp|P02769|ALBU_BOVIN,Soroush_C18_SDS_D2_column12_2uL_132,2,y10,6.981753556318042,YICDNQDTISSK_D2,134.7142857,YICDNQDTISSK_y10_Soroush_C18_SDS,0.999276997944235,-2.223772555698247,19.541810315981138
YICDNQDTISSK,sp|P02769|ALBU_BOVIN,Soroush_C18_SDS_D3_column12_2uL_21,1,b2,0.912985517469342,YICDNQDTISSK_D3,13.47143,YICDNQDTISSK_b2_Soroush_C18_SDS,0.9991336775724905,-2.462989533020121,20.57705076663761
YICDNQDTISSK,sp|P02769|ALBU_BOVIN,Soroush_C18_SDS_D3_column12_2uL_21,1,b3,0.9289493518714459,YICDNQDTISSK_D3,13.47143,YICDNQDTISSK_b3_Soroush_C18_SDS,0.9986190012376236,-3.0860697611549597,21.717068600056304
YICDNQDTISSK,sp|P02769|ALBU_BOVIN,Soroush_C18_SDS_D3_column12_2uL_21,1,y10,0.9509417217564968,YICDNQDTISSK_D3,13.47143,YICDNQDTISSK_y10_Soroush_C18_SDS,0.999276997944235,-2.223772555698247,19.541810315981138
YICDNQDTISSK,sp|P02769|ALBU_BOVIN,Soroush_C18_SDS_D3_column12_2uL_21,1,y3,0.9647197980640658,YICDNQDTISSK_D3,13.47143,YICDNQDTISSK_y3_Soroush_C18_SDS,0.9993456599542246,-2.146685949702487,18.753085240174997
YICDNQDTISSK,sp|P02769|ALBU_BOVIN,Soroush_C18_SDS_D3_column12_2uL_21,1,y9,0.9374154133741924,YICDNQDTISSK_D3,13.47143,YICDNQDTISSK_y9_Soroush_C18_SDS,0.9993832066768671,-2.090097928747042,19.161046019690716
YICDNQDTISSK,sp|P02769|ALBU_BOVIN,Soroush_C18_SDS_D3_column12_2uL_21,2,precursor,0.6760058739855029,YICDNQDTISSK_D3,13.47143,YICDNQDTISSK_precursor_Soroush_C18_SDS,0.9999227283583945,0.7077441587836546,17.64894278774441
YICDNQDTISSK,sp|P02769|ALBU_BOVIN,Soroush_C18_SDS_D3_column12_2uL_21,2,precursor [M+1],0.5952337407390443,YICDNQDTISSK_D3,13.47143,YICDNQDTISSK_precursor [M+1]_Soroush_C18_SDS,0.9997744169136049,1.2934554806408727,18.077503982391136
YICDNQDTISSK,sp|P02769|ALBU_BOVIN,Soroush_C18_SDS_D3_column12_2uL_21,2,precursor [M+2],0.5755314372760717,YICDNQDTISSK_D3,13.47143,YICDNQDTISSK_precursor [M+2]_Soroush_C18_SDS,0.9998271168699154,1.0862669554502418,19.36067565299713
YICDNQDTISSK,sp|P02769|ALBU_BOVIN,Soroush_C18_SDS_D3_column12_2uL_21,2,y10,0.9181138614360121,YICDNQDTISSK_D3,13.47143,YICDNQDTISSK_y10_Soroush_C18_SDS,0.999276997944235,-2.223772555698247,19.541810315981138
YICDNQDTISSK,sp|P02769|ALBU_BOVIN,Soroush_C18_SDS_column12_2uL_21,1,b2,9.639065327433132e-05,YICDNQDTISSK_D0,0.0,YICDNQDTISSK_b2_Soroush_C18_SDS,0.9991336775724905,-2.462989533020121,20.57705076663761
YICDNQDTISSK,sp|P02769|ALBU_BOVIN,Soroush_C18_SDS_column12_2uL_21,1,b3,0.0,YICDNQDTISSK_D0,0.0,YICDNQDTISSK_b3_Soroush_C18_SDS,0.9986190012376236,-3.0860697611549597,21.717068600056304
YICDNQDTISSK,sp|P02769|ALBU_BOVIN,Soroush_C18_SDS_column12_2uL_21,1,y10,4.017356397946773e-05,YICDNQDTISSK_D0,0.0,YICDNQDTISSK_y10_Soroush_C18_SDS,0.999276997944235,-2.223772555698247,19.541810315981138
YICDNQDTISSK,sp|P02769|ALBU_BOVIN,Soroush_C18_SDS_column12_2uL_21,1,y3,3.52026521150905e-05,YICDNQDTISSK_D0,0.0,YICDNQDTISSK_y3_Soroush_C18_SDS,0.9993456599542246,-2.146685949702487,18.753085240174997
YICDNQDTISSK,sp|P02769|ALBU_BOVIN,Soroush_C18_SDS_column12_2uL_21,1,y9,0.00027160145284544355,YICDNQDTISSK_D0,0.0,YICDNQDTISSK_y9_Soroush_C18_SDS,0.9993832066768671,-2.090097928747042,19.161046019690716
YICDNQDTISSK,sp|P02769|ALBU_BOVIN,Soroush_C18_SDS_column12_2uL_21,2,precursor,0.002907239363681433,YICDNQDTISSK_D0,0.0,YICDNQDTISSK_precursor_Soroush_C18_SDS,0.9999227283583945,0.7077441587836546,17.64894278774441
YICDNQDTISSK,sp|P02769|ALBU_BOVIN,Soroush_C18_SDS_column12_2uL_21,2,precursor [M+1],0.0005528164767484695,YICDNQDTISSK_D0,0.0,YICDNQDTISSK_precursor [M+1]_Soroush_C18_SDS,0.9997744169136049,1.2934554806408727,18.077503982391136
YICDNQDTISSK,sp|P02769|ALBU_BOVIN,Soroush_C18_SDS_column12_2uL_21,2,precursor [M+2],0.002742959691013724,YICDNQDTISSK_D0,0.0,YICDNQDTISSK_precursor [M+2]_Soroush_C18_SDS,0.9998271168699154,1.0862669554502418,19.36067565299713
YICDNQDTISSK,sp|P02769|ALBU_BOVIN,Soroush_C18_SDS_column12_2uL_21,2,y10,0.00013543482293058176,YICDNQDTISSK_D0,0.0,YICDNQDTISSK_y10_Soroush_C18_SDS,0.999276997944235,-2.223772555698247,19.541810315981138
YICDNQDTISSK,sp|P02769|ALBU_BOVIN,Soroush_MCX_SDC_D2_column12_2uL_12,1,b2,59.66816535110588,YICDNQDTISSK_D2,134.7142857,YICDNQDTISSK_b2_Soroush_MCX_SDC,0.9949458039113137,-4.714226911423943,2.3202615716505517
YICDNQDTISSK,sp|P02769|ALBU_BOVIN,Soroush_MCX_SDC_D2_column12_2uL_12,1,b3,65.75513397087964,YICDNQDTISSK_D2,134.7142857,YICDNQDTISSK_b3_Soroush_MCX_SDC,0.9969652851712366,-3.7003988440371174,2.0945581913490163
YICDNQDTISSK,sp|P02769|ALBU_BOVIN,Soroush_MCX_SDC_D2_column12_2uL_12,1,y10,64.90263018711154,YICDNQDTISSK_D2,134.7142857,YICDNQDTISSK_y10_Soroush_MCX_SDC,0.9949455261506291,-4.708592022881845,2.1273741258994625
YICDNQDTISSK,sp|P02769|ALBU_BOVIN,Soroush_MCX_SDC_D2_column12_2uL_12,1,y3,65.94846029654836,YICDNQDTISSK_D2,134.7142857,YICDNQDTISSK_y3_Soroush_MCX_SDC,0.9948825596789573,-4.74190468725304,2.0995882226011964
YICDNQDTISSK,sp|P02769|ALBU_BOVIN,Soroush_MCX_SDC_D2_column12_2uL_12,1,y9,66.36831017932418,YICDNQDTISSK_D2,134.7142857,YICDNQDTISSK_y9_Soroush_MCX_SDC,0.995005675043127,-4.687844501641244,2.0857505103374714
YICDNQDTISSK,sp|P02769|ALBU_BOVIN,Soroush_MCX_SDC_D2_column12_2uL_12,2,precursor,77.84137173594912,YICDNQDTISSK_D2,134.7142857,YICDNQDTISSK_precursor_Soroush_MCX_SDC,0.9970899222940957,-3.6287598335339766,1.7686713047091316
YICDNQDTISSK,sp|P02769|ALBU_BOVIN,Soroush_MCX_SDC_D2_column12_2uL_12,2,precursor [M+1],69.27863284476003,YICDNQDTISSK_D2,134.7142857,YICDNQDTISSK_precursor [M+1]_Soroush_MCX_SDC,0.9970936060759076,-3.624696880648294,1.9872262295651868
YICDNQDTISSK,sp|P02769|ALBU_BOVIN,Soroush_MCX_SDC_D2_column12_2uL_12,2,precursor [M+2],66.17958330883444,YICDNQDTISSK_D2,134.7142857,YICDNQDTISSK_precursor [M+2]_Soroush_MCX_SDC,0.9972150597820125,-3.5729942042394924,2.0797923741269617
YICDNQDTISSK,sp|P02769|ALBU_BOVIN,Soroush_MCX_SDC_D2_column12_2uL_12,2,y10,65.24918007417763,YICDNQDTISSK_D2,134.7142857,YICDNQDTISSK_y10_Soroush_MCX_SDC,0.9949455261506291,-4.708592022881845,2.1273741258994625
YICDNQDTISSK,sp|P02769|ALBU_BOVIN,Soroush_MCX_SDC_D3_column12_2uL_23,1,b2,10.293083163990282,YICDNQDTISSK_D3,13.47143,YICDNQDTISSK_b2_Soroush_MCX_SDC,0.9949458039113137,-4.714226911423943,2.3202615716505517
YICDNQDTISSK,sp|P02769|ALBU_BOVIN,Soroush_MCX_SDC_D3_column12_2uL_23,1,b3,10.292842585704545,YICDNQDTISSK_D3,13.47143,YICDNQDTISSK_b3_Soroush_MCX_SDC,0.9969652851712366,-3.7003988440371174,2.0945581913490163
YICDNQDTISSK,sp|P02769|ALBU_BOVIN,Soroush_MCX_SDC_D3_column12_2uL_23,1,y10,11.26359119093396,YICDNQDTISSK_D3,13.47143,YICDNQDTISSK_y10_Soroush_MCX_SDC,0.9949455261506291,-4.708592022881845,2.1273741258994625
YICDNQDTISSK,sp|P02769|ALBU_BOVIN,Soroush_MCX_SDC_D3_column12_2uL_23,1,y3,11.405483688023216,YICDNQDTISSK_D3,13.47143,YICDNQDTISSK_y3_Soroush_MCX_SDC,0.9948825596789573,-4.74190468725304,2.0995882226011964
YICDNQDTISSK,sp|P02769|ALBU_BOVIN,Soroush_MCX_SDC_D3_column12_2uL_23,1,y9,11.42107469714028,YICDNQDTISSK_D3,13.47143,YICDNQDTISSK_y9_Soroush_MCX_SDC,0.995005675043127,-4.687844501641244,2.0857505103374714
YICDNQDTISSK,sp|P02769|ALBU_BOVIN,Soroush_MCX_SDC_D3_column12_2uL_23,2,precursor,12.096272544474271,YICDNQDTISSK_D3,13.47143,YICDNQDTISSK_precursor_Soroush_MCX_SDC,0.9970899222940957,-3.6287598335339766,1.7686713047091316
YICDNQDTISSK,sp|P02769|ALBU_BOVIN,Soroush_MCX_SDC_D3_column12_2uL_23,2,precursor [M+1],10.762483750579912,YICDNQDTISSK_D3,13.47143,YICDNQDTISSK_precursor [M+1]_Soroush_MCX_SDC,0.9970936060759076,-3.624696880648294,1.9872262295651868
YICDNQDTISSK,sp|P02769|ALBU_BOVIN,Soroush_MCX_SDC_D3_column12_2uL_23,2,precursor [M+2],10.214123963391163,YICDNQDTISSK_D3,13.47143,YICDNQDTISSK_precursor [M+2]_Soroush_MCX_SDC,0.9972150597820125,-3.5729942042394924,2.0797923741269617
YICDNQDTISSK,sp|P02769|ALBU_BOVIN,Soroush_MCX_SDC_D3_column12_2uL_23,2,y10,11.177198566965535,YICDNQDTISSK_D3,13.47143,YICDNQDTISSK_y10_Soroush_MCX_SDC,0.9949455261506291,-4.708592022881845,2.1273741258994625
YICDNQDTISSK,sp|P02769|ALBU_BOVIN,Soroush_MCX_SDC_column12_2uL_23,1,b2,0.0,YICDNQDTISSK_D0,0.0,YICDNQDTISSK_b2_Soroush_MCX_SDC,0.9949458039113137,-4.714226911423943,2.3202615716505517
YICDNQDTISSK,sp|P02769|ALBU_BOVIN,Soroush_MCX_SDC_column12_2uL_23,1,b3,0.0,YICDNQDTISSK_D0,0.0,YICDNQDTISSK_b3_Soroush_MCX_SDC,0.9969652851712366,-3.7003988440371174,2.0945581913490163
YICDNQDTISSK,sp|P02769|ALBU_BOVIN,Soroush_MCX_SDC_column12_2uL_23,1,y10,0.0,YICDNQDTISSK_D0,0.0,YICDNQDTISSK_y10_Soroush_MCX_SDC,0.9949455261506291,-4.708592022881845,2.1273741258994625
YICDNQDTISSK,sp|P02769|ALBU_BOVIN,Soroush_MCX_SDC_column12_2uL_23,1,y3,0.0,YICDNQDTISSK_D0,0.0,YICDNQDTISSK_y3_Soroush_MCX_SDC,0.9948825596789573,-4.74190468725304,2.0995882226011964
YICDNQDTISSK,sp|P02769|ALBU_BOVIN,Soroush_MCX_SDC_column12_2uL_23,1,y9,0.0,YICDNQDTISSK_D0,0.0,YICDNQDTISSK_y9_Soroush_MCX_SDC,0.995005675043127,-4.687844501641244,2.0857505103374714
YICDNQDTISSK,sp|P02769|ALBU_BOVIN,Soroush_MCX_SDC_column12_2uL_23,2,precursor,0.0010542087016131478,YICDNQDTISSK_D0,0.0,YICDNQDTISSK_precursor_Soroush_MCX_SDC,0.9970899222940957,-3.6287598335339766,1.7686713047091316
YICDNQDTISSK,sp|P02769|ALBU_BOVIN,Soroush_MCX_SDC_column12_2uL_23,2,precursor [M+1],0.0,YICDNQDTISSK_D0,0.0,YICDNQDTISSK_precursor [M+1]_Soroush_MCX_SDC,0.9970936060759076,-3.624696880648294,1.9872262295651868
YICDNQDTISSK,sp|P02769|ALBU_BOVIN,Soroush_MCX_SDC_column12_2uL_23,2,precursor [M+2],0.01040897010950648,YICDNQDTISSK_D0,0.0,YICDNQDTISSK_precursor [M+2]_Soroush_MCX_SDC,0.9972150597820125,-3.5729942042394924,2.0797923741269617
YICDNQDTISSK,sp|P02769|ALBU_BOVIN,Soroush_MCX_SDC_column12_2uL_23,2,y10,0.0006742832517592199,YICDNQDTISSK_D0,0.0,YICDNQDTISSK_y10_Soroush_MCX_SDC,0.9949455261506291,-4.708592022881845,2.1273741258994625
