,peptide,replicate,precursor mz,precursor charge,product mz,product charge,fragment ion,area,background
1462,ASSADDIEAMR,1_MCX_2_con_2ul_48,583.261327,2,583.261327,2,precursor,1564896,0
1477,ASSADDIEAMR,1_MCX_2_con_2ul_48,588.265461,2,588.265461,2,precursor,132196000,1275910
1492,ASSADDIEAMR,1_MCX_2_con_2ul_48,591.258784,2,591.258784,2,precursor,19905324,0
1507,ASSADDIEAMR,1_MCX_2_con_2ul_48,596.262919,2,596.262919,2,precursor,294257504,2800236
1467,ASSADDIEAMR,1_MCX_2_con_2ul_48,583.261327,2,583.762726,2,precursor [M+1],419424,0
1482,ASSADDIEAMR,1_MCX_2_con_2ul_48,588.265461,2,588.766906,2,precursor [M+1],81406144,0
1497,ASSADDIEAMR,1_MCX_2_con_2ul_48,591.258784,2,591.760184,2,precursor [M+1],5742652,0
1512,ASSADDIEAMR,1_MCX_2_con_2ul_48,596.262919,2,596.764364,2,precursor [M+1],137714736,450244
1472,ASSADDIEAMR,1_MCX_2_con_2ul_48,583.261327,2,584.263123,2,precursor [M+2],667908,0
1487,ASSADDIEAMR,1_MCX_2_con_2ul_48,588.265461,2,589.26711,2,precursor [M+2],26481772,57090
1502,ASSADDIEAMR,1_MCX_2_con_2ul_48,591.258784,2,592.260584,2,precursor [M+2],5664817,3089676
1517,ASSADDIEAMR,1_MCX_2_con_2ul_48,596.262919,2,597.264574,2,precursor [M+2],46819700,0
1463,ASSADDIEAMR,2_MCX_2_con_2ul_47,583.261327,2,583.261327,2,precursor,170024,749704
1478,ASSADDIEAMR,2_MCX_2_con_2ul_47,588.265461,2,588.265461,2,precursor,125389096,0
1493,ASSADDIEAMR,2_MCX_2_con_2ul_47,591.258784,2,591.258784,2,precursor,17280240,316954
1508,ASSADDIEAMR,2_MCX_2_con_2ul_47,596.262919,2,596.262919,2,precursor,69010176,0
1468,ASSADDIEAMR,2_MCX_2_con_2ul_47,583.261327,2,583.762726,2,precursor [M+1],167907,0
1483,ASSADDIEAMR,2_MCX_2_con_2ul_47,588.265461,2,588.766906,2,precursor [M+1],73703328,0
1498,ASSADDIEAMR,2_MCX_2_con_2ul_47,591.258784,2,591.760184,2,precursor [M+1],5466348,0
1513,ASSADDIEAMR,2_MCX_2_con_2ul_47,596.262919,2,596.764364,2,precursor [M+1],31278676,551571
1473,ASSADDIEAMR,2_MCX_2_con_2ul_47,583.261327,2,584.263123,2,precursor [M+2],123312,0
1488,ASSADDIEAMR,2_MCX_2_con_2ul_47,588.265461,2,589.26711,2,precursor [M+2],24133304,0
1503,ASSADDIEAMR,2_MCX_2_con_2ul_47,591.258784,2,592.260584,2,precursor [M+2],4962467,1217238
1518,ASSADDIEAMR,2_MCX_2_con_2ul_47,596.262919,2,597.264574,2,precursor [M+2],8981622,0
1464,ASSADDIEAMR,3_MCX_2_con_2ul_46,583.261327,2,583.261327,2,precursor,1200344,185988
1479,ASSADDIEAMR,3_MCX_2_con_2ul_46,588.265461,2,588.265461,2,precursor,142103760,0
1494,ASSADDIEAMR,3_MCX_2_con_2ul_46,591.258784,2,591.258784,2,precursor,23923120,4459415
1509,ASSADDIEAMR,3_MCX_2_con_2ul_46,596.262919,2,596.262919,2,precursor,14868548,0
1469,ASSADDIEAMR,3_MCX_2_con_2ul_46,583.261327,2,583.762726,2,precursor [M+1],794202,0
1484,ASSADDIEAMR,3_MCX_2_con_2ul_46,588.265461,2,588.766906,2,precursor [M+1],84412072,0
1499,ASSADDIEAMR,3_MCX_2_con_2ul_46,591.258784,2,591.760184,2,precursor [M+1],9611506,884331
1514,ASSADDIEAMR,3_MCX_2_con_2ul_46,596.262919,2,596.764364,2,precursor [M+1],9246504,1069873
1474,ASSADDIEAMR,3_MCX_2_con_2ul_46,583.261327,2,584.263123,2,precursor [M+2],124087,0
1489,ASSADDIEAMR,3_MCX_2_con_2ul_46,588.265461,2,589.26711,2,precursor [M+2],28278038,0
1504,ASSADDIEAMR,3_MCX_2_con_2ul_46,591.258784,2,592.260584,2,precursor [M+2],7408609,0
1519,ASSADDIEAMR,3_MCX_2_con_2ul_46,596.262919,2,597.264574,2,precursor [M+2],2529026,1587304
1465,ASSADDIEAMR,4_MCX_2_con_2ul_45,583.261327,2,583.261327,2,precursor,222434,0
1480,ASSADDIEAMR,4_MCX_2_con_2ul_45,588.265461,2,588.265461,2,precursor,139800368,1783951
1495,ASSADDIEAMR,4_MCX_2_con_2ul_45,591.258784,2,591.258784,2,precursor,19819096,704085
1510,ASSADDIEAMR,4_MCX_2_con_2ul_45,596.262919,2,596.262919,2,precursor,6272364,629570
1470,ASSADDIEAMR,4_MCX_2_con_2ul_45,583.261327,2,583.762726,2,precursor [M+1],164650,0
1485,ASSADDIEAMR,4_MCX_2_con_2ul_45,588.265461,2,588.766906,2,precursor [M+1],84263296,2242652
1500,ASSADDIEAMR,4_MCX_2_con_2ul_45,591.258784,2,591.760184,2,precursor [M+1],5947184,468485
1515,ASSADDIEAMR,4_MCX_2_con_2ul_45,596.262919,2,596.764364,2,precursor [M+1],8439284,0
1475,ASSADDIEAMR,4_MCX_2_con_2ul_45,583.261327,2,584.263123,2,precursor [M+2],537123,0
1490,ASSADDIEAMR,4_MCX_2_con_2ul_45,588.265461,2,589.26711,2,precursor [M+2],27757130,0
1505,ASSADDIEAMR,4_MCX_2_con_2ul_45,591.258784,2,592.260584,2,precursor [M+2],3288970,1404676
1520,ASSADDIEAMR,4_MCX_2_con_2ul_45,596.262919,2,597.264574,2,precursor [M+2],3385598,0
1466,ASSADDIEAMR,5_MCX_2_con_2ul_44,583.261327,2,583.261327,2,precursor,103801,0
1481,ASSADDIEAMR,5_MCX_2_con_2ul_44,588.265461,2,588.265461,2,precursor,18242188,24025
1496,ASSADDIEAMR,5_MCX_2_con_2ul_44,591.258784,2,591.258784,2,precursor,105078,0
1511,ASSADDIEAMR,5_MCX_2_con_2ul_44,596.262919,2,596.262919,2,precursor,321225,41
1471,ASSADDIEAMR,5_MCX_2_con_2ul_44,583.261327,2,583.762726,2,precursor [M+1],61805,0
1486,ASSADDIEAMR,5_MCX_2_con_2ul_44,588.265461,2,588.766906,2,precursor [M+1],10882814,0
1501,ASSADDIEAMR,5_MCX_2_con_2ul_44,591.258784,2,591.760184,2,precursor [M+1],0,0
1516,ASSADDIEAMR,5_MCX_2_con_2ul_44,596.262919,2,596.764364,2,precursor [M+1],407979,0
1476,ASSADDIEAMR,5_MCX_2_con_2ul_44,583.261327,2,584.263123,2,precursor [M+2],37984,6274
1491,ASSADDIEAMR,5_MCX_2_con_2ul_44,588.265461,2,589.26711,2,precursor [M+2],3870266,131774
1506,ASSADDIEAMR,5_MCX_2_con_2ul_44,591.258784,2,592.260584,2,precursor [M+2],694999,47
1521,ASSADDIEAMR,5_MCX_2_con_2ul_44,596.262919,2,597.264574,2,precursor [M+2],183240,0
965,ASSADDIEAMR,D1_MCX_2_con_2ul_41,583.261327,2,583.261327,2,precursor,17000036,3849736
983,ASSADDIEAMR,D1_MCX_2_con_2ul_41,588.265461,2,588.265461,2,precursor,510230464,6379393
1001,ASSADDIEAMR,D1_MCX_2_con_2ul_41,591.258784,2,591.258784,2,precursor,38617932,0
1019,ASSADDIEAMR,D1_MCX_2_con_2ul_41,596.262919,2,596.262919,2,precursor,245028000,9867799
971,ASSADDIEAMR,D1_MCX_2_con_2ul_41,583.261327,2,583.762726,2,precursor [M+1],7928948,0
989,ASSADDIEAMR,D1_MCX_2_con_2ul_41,588.265461,2,588.766906,2,precursor [M+1],247933616,528756
1007,ASSADDIEAMR,D1_MCX_2_con_2ul_41,591.258784,2,591.760184,2,precursor [M+1],13798139,0
1025,ASSADDIEAMR,D1_MCX_2_con_2ul_41,596.262919,2,596.764364,2,precursor [M+1],113876480,5487697
977,ASSADDIEAMR,D1_MCX_2_con_2ul_41,583.261327,2,584.263123,2,precursor [M+2],75935,1856242
995,ASSADDIEAMR,D1_MCX_2_con_2ul_41,588.265461,2,589.26711,2,precursor [M+2],87944464,255997
1013,ASSADDIEAMR,D1_MCX_2_con_2ul_41,591.258784,2,592.260584,2,precursor [M+2],8076827,0
1031,ASSADDIEAMR,D1_MCX_2_con_2ul_41,596.262919,2,597.264574,2,precursor [M+2],45593368,0
966,ASSADDIEAMR,D2_MCX_2_con_2ul_40,583.261327,2,583.261327,2,precursor,15039169,3220325
984,ASSADDIEAMR,D2_MCX_2_con_2ul_40,588.265461,2,588.265461,2,precursor,123776920,1205814
1002,ASSADDIEAMR,D2_MCX_2_con_2ul_40,591.258784,2,591.258784,2,precursor,16130283,6919156
1020,ASSADDIEAMR,D2_MCX_2_con_2ul_40,596.262919,2,596.262919,2,precursor,123988192,2079255
972,ASSADDIEAMR,D2_MCX_2_con_2ul_40,583.261327,2,583.762726,2,precursor [M+1],4062229,0
990,ASSADDIEAMR,D2_MCX_2_con_2ul_40,588.265461,2,588.766906,2,precursor [M+1],57447040,689663
1008,ASSADDIEAMR,D2_MCX_2_con_2ul_40,591.258784,2,591.760184,2,precursor [M+1],5942498,0
1026,ASSADDIEAMR,D2_MCX_2_con_2ul_40,596.262919,2,596.764364,2,precursor [M+1],56089696,855968
978,ASSADDIEAMR,D2_MCX_2_con_2ul_40,583.261327,2,584.263123,2,precursor [M+2],29021,1806883
996,ASSADDIEAMR,D2_MCX_2_con_2ul_40,588.265461,2,589.26711,2,precursor [M+2],20331162,2545180
1014,ASSADDIEAMR,D2_MCX_2_con_2ul_40,591.258784,2,592.260584,2,precursor [M+2],2712126,3978514
1032,ASSADDIEAMR,D2_MCX_2_con_2ul_40,596.262919,2,597.264574,2,precursor [M+2],24720672,379919
967,ASSADDIEAMR,D3_MCX_2_con_2ul_39,583.261327,2,583.261327,2,precursor,109059992,0
985,ASSADDIEAMR,D3_MCX_2_con_2ul_39,588.265461,2,588.265461,2,precursor,8974657,0
1003,ASSADDIEAMR,D3_MCX_2_con_2ul_39,591.258784,2,591.258784,2,precursor,28152752,0
1021,ASSADDIEAMR,D3_MCX_2_con_2ul_39,596.262919,2,596.262919,2,precursor,1566931,0
973,ASSADDIEAMR,D3_MCX_2_con_2ul_39,583.261327,2,583.762726,2,precursor [M+1],55972616,0
991,ASSADDIEAMR,D3_MCX_2_con_2ul_39,588.265461,2,588.766906,2,precursor [M+1],467462272,21369876
1009,ASSADDIEAMR,D3_MCX_2_con_2ul_39,591.258784,2,591.760184,2,precursor [M+1],6255311,0
1027,ASSADDIEAMR,D3_MCX_2_con_2ul_39,596.262919,2,596.764364,2,precursor [M+1],5970009,0
979,ASSADDIEAMR,D3_MCX_2_con_2ul_39,583.261327,2,584.263123,2,precursor [M+2],28039998,15018414
997,ASSADDIEAMR,D3_MCX_2_con_2ul_39,588.265461,2,589.26711,2,precursor [M+2],277892160,2033965
1015,ASSADDIEAMR,D3_MCX_2_con_2ul_39,591.258784,2,592.260584,2,precursor [M+2],5158210,0
1033,ASSADDIEAMR,D3_MCX_2_con_2ul_39,596.262919,2,597.264574,2,precursor [M+2],2787803,0
968,ASSADDIEAMR,D4_MCX_2_con_2ul_38,583.261327,2,583.261327,2,precursor,8068323,22156
986,ASSADDIEAMR,D4_MCX_2_con_2ul_38,588.265461,2,588.265461,2,precursor,258659328,0
1004,ASSADDIEAMR,D4_MCX_2_con_2ul_38,591.258784,2,591.258784,2,precursor,4717938,11098868
1022,ASSADDIEAMR,D4_MCX_2_con_2ul_38,596.262919,2,596.262919,2,precursor,19596178,632916
974,ASSADDIEAMR,D4_MCX_2_con_2ul_38,583.261327,2,583.762726,2,precursor [M+1],3179616,23636
992,ASSADDIEAMR,D4_MCX_2_con_2ul_38,588.265461,2,588.766906,2,precursor [M+1],142243984,0
1010,ASSADDIEAMR,D4_MCX_2_con_2ul_38,591.258784,2,591.760184,2,precursor [M+1],3791689,0
1028,ASSADDIEAMR,D4_MCX_2_con_2ul_38,596.262919,2,596.764364,2,precursor [M+1],11826536,1322704
980,ASSADDIEAMR,D4_MCX_2_con_2ul_38,583.261327,2,584.263123,2,precursor [M+2],2688007,115581
998,ASSADDIEAMR,D4_MCX_2_con_2ul_38,588.265461,2,589.26711,2,precursor [M+2],48360772,0
1016,ASSADDIEAMR,D4_MCX_2_con_2ul_38,591.258784,2,592.260584,2,precursor [M+2],735954,2273364
1034,ASSADDIEAMR,D4_MCX_2_con_2ul_38,596.262919,2,597.264574,2,precursor [M+2],12240841,0
969,ASSADDIEAMR,D5_MCX_2_con_2ul_37,583.261327,2,583.261327,2,precursor,3895351,232323
987,ASSADDIEAMR,D5_MCX_2_con_2ul_37,588.265461,2,588.265461,2,precursor,231820688,3357723
1005,ASSADDIEAMR,D5_MCX_2_con_2ul_37,591.258784,2,591.258784,2,precursor,3140230,3389746
1023,ASSADDIEAMR,D5_MCX_2_con_2ul_37,596.262919,2,596.262919,2,precursor,11772673,557736
975,ASSADDIEAMR,D5_MCX_2_con_2ul_37,583.261327,2,583.762726,2,precursor [M+1],2137908,0
993,ASSADDIEAMR,D5_MCX_2_con_2ul_37,588.265461,2,588.766906,2,precursor [M+1],139141968,0
1011,ASSADDIEAMR,D5_MCX_2_con_2ul_37,591.258784,2,591.760184,2,precursor [M+1],699462,0
1029,ASSADDIEAMR,D5_MCX_2_con_2ul_37,596.262919,2,596.764364,2,precursor [M+1],30209048,1614562
981,ASSADDIEAMR,D5_MCX_2_con_2ul_37,583.261327,2,584.263123,2,precursor [M+2],1862044,0
999,ASSADDIEAMR,D5_MCX_2_con_2ul_37,588.265461,2,589.26711,2,precursor [M+2],45370988,0
1017,ASSADDIEAMR,D5_MCX_2_con_2ul_37,591.258784,2,592.260584,2,precursor [M+2],15187416,270147
1035,ASSADDIEAMR,D5_MCX_2_con_2ul_37,596.262919,2,597.264574,2,precursor [M+2],7263314,143235
964,ASSADDIEAMR,Peggy_SCN5A_D0_MCX_2_con_2ul_19,583.261327,2,583.261327,2,precursor,186620,0
982,ASSADDIEAMR,Peggy_SCN5A_D0_MCX_2_con_2ul_19,588.265461,2,588.265461,2,precursor,130990960,3606042
1000,ASSADDIEAMR,Peggy_SCN5A_D0_MCX_2_con_2ul_19,591.258784,2,591.258784,2,precursor,10820620,0
1018,ASSADDIEAMR,Peggy_SCN5A_D0_MCX_2_con_2ul_19,596.262919,2,596.262919,2,precursor,8094361,0
970,ASSADDIEAMR,Peggy_SCN5A_D0_MCX_2_con_2ul_19,583.261327,2,583.762726,2,precursor [M+1],65296,0
988,ASSADDIEAMR,Peggy_SCN5A_D0_MCX_2_con_2ul_19,588.265461,2,588.766906,2,precursor [M+1],80926520,0
1006,ASSADDIEAMR,Peggy_SCN5A_D0_MCX_2_con_2ul_19,591.258784,2,591.760184,2,precursor [M+1],3561706,0
1024,ASSADDIEAMR,Peggy_SCN5A_D0_MCX_2_con_2ul_19,596.262919,2,596.764364,2,precursor [M+1],12240545,0
976,ASSADDIEAMR,Peggy_SCN5A_D0_MCX_2_con_2ul_19,583.261327,2,584.263123,2,precursor [M+2],550669,0
994,ASSADDIEAMR,Peggy_SCN5A_D0_MCX_2_con_2ul_19,588.265461,2,589.26711,2,precursor [M+2],27095552,76908
1012,ASSADDIEAMR,Peggy_SCN5A_D0_MCX_2_con_2ul_19,591.258784,2,592.260584,2,precursor [M+2],1408447,0
1030,ASSADDIEAMR,Peggy_SCN5A_D0_MCX_2_con_2ul_19,596.262919,2,597.264574,2,precursor [M+2],6932301,0
374,DSDSGLLPR,D3_MCX_2_con_2ul_32,480.243263,2,175.118952,1,y1,221310,162459
368,DSDSGLLPR,D3_MCX_2_con_2ul_32,480.243263,2,272.171716,1,y2,42582,0
362,DSDSGLLPR,D3_MCX_2_con_2ul_32,480.243263,2,555.361307,1,y5,21411,0
356,DSDSGLLPR,D3_MCX_2_con_2ul_32,480.243263,2,642.393336,1,y6,11414,0
375,DSDSGLLPR,D4_MCX_2_con_2ul_31,480.243263,2,175.118952,1,y1,273909,127248
369,DSDSGLLPR,D4_MCX_2_con_2ul_31,480.243263,2,272.171716,1,y2,78833,0
363,DSDSGLLPR,D4_MCX_2_con_2ul_31,480.243263,2,555.361307,1,y5,25261,0
357,DSDSGLLPR,D4_MCX_2_con_2ul_31,480.243263,2,642.393336,1,y6,31003,0
376,DSDSGLLPR,D5_MCX_2_con_2ul_30,480.243263,2,175.118952,1,y1,3956216,388465
370,DSDSGLLPR,D5_MCX_2_con_2ul_30,480.243263,2,272.171716,1,y2,32962,44746
364,DSDSGLLPR,D5_MCX_2_con_2ul_30,480.243263,2,555.361307,1,y5,50549,0
358,DSDSGLLPR,D5_MCX_2_con_2ul_30,480.243263,2,642.393336,1,y6,122500,0
41,DSDSGLLPR,Peggy_SCN5A_D0_MCX_2_con_2ul_19,480.243263,2,175.118952,1,y1,175751,146808
83,DSDSGLLPR,Peggy_SCN5A_D0_MCX_2_con_2ul_19,485.247398,2,185.127221,1,y1,9539,0
377,DSDSGLLPR,Peggy_SCN5A_D0_MCX_2_con_2ul_19,480.243263,2,175.118952,1,y1,60571,77794
405,DSDSGLLPR,Peggy_SCN5A_D0_MCX_2_con_2ul_19,485.247398,2,185.127221,1,y1,0,0
590,DSDSGLLPR,Peggy_SCN5A_D0_MCX_2_con_2ul_19,480.243263,2,175.118952,1,y1,176305,102991
630,DSDSGLLPR,Peggy_SCN5A_D0_MCX_2_con_2ul_19,485.247398,2,185.127221,1,y1,4030,0
1107,DSDSGLLPR,Peggy_SCN5A_D0_MCX_2_con_2ul_19,480.243263,2,175.118952,1,y1,174884,219725
1147,DSDSGLLPR,Peggy_SCN5A_D0_MCX_2_con_2ul_19,485.247398,2,185.127221,1,y1,31587,0
35,DSDSGLLPR,Peggy_SCN5A_D0_MCX_2_con_2ul_19,480.243263,2,272.171716,1,y2,30977,0
77,DSDSGLLPR,Peggy_SCN5A_D0_MCX_2_con_2ul_19,485.247398,2,282.179985,1,y2,43013,0
371,DSDSGLLPR,Peggy_SCN5A_D0_MCX_2_con_2ul_19,480.243263,2,272.171716,1,y2,0,0
402,DSDSGLLPR,Peggy_SCN5A_D0_MCX_2_con_2ul_19,485.247398,2,282.179985,1,y2,0,0
584,DSDSGLLPR,Peggy_SCN5A_D0_MCX_2_con_2ul_19,480.243263,2,272.171716,1,y2,25968,0
624,DSDSGLLPR,Peggy_SCN5A_D0_MCX_2_con_2ul_19,485.247398,2,282.179985,1,y2,27637,0
1101,DSDSGLLPR,Peggy_SCN5A_D0_MCX_2_con_2ul_19,480.243263,2,272.171716,1,y2,8582568,0
1141,DSDSGLLPR,Peggy_SCN5A_D0_MCX_2_con_2ul_19,485.247398,2,282.179985,1,y2,28280,0
29,DSDSGLLPR,Peggy_SCN5A_D0_MCX_2_con_2ul_19,480.243263,2,555.361307,1,y5,4542,0
71,DSDSGLLPR,Peggy_SCN5A_D0_MCX_2_con_2ul_19,485.247398,2,565.369576,1,y5,0,0
365,DSDSGLLPR,Peggy_SCN5A_D0_MCX_2_con_2ul_19,480.243263,2,555.361307,1,y5,0,0
23,DSDSGLLPR,Peggy_SCN5A_D0_MCX_2_con_2ul_19,480.243263,2,642.393336,1,y6,7626,0
65,DSDSGLLPR,Peggy_SCN5A_D0_MCX_2_con_2ul_19,485.247398,2,652.401605,1,y6,0,0
359,DSDSGLLPR,Peggy_SCN5A_D0_MCX_2_con_2ul_19,480.243263,2,642.393336,1,y6,3201,0
1090,DSDSGLLPR,Peggy_SCN5A_D0_MCX_2_con_2ul_19,480.243263,2,642.393336,1,y6,490,0
5,DSDSGLLPR,Peggy_SCN5A_D0_MCX_2_con_2ul_19,480.243263,2,480.243263,2,precursor,9816652,1819377
47,DSDSGLLPR,Peggy_SCN5A_D0_MCX_2_con_2ul_19,485.247398,2,485.247398,2,precursor,12886563,1490461
341,DSDSGLLPR,Peggy_SCN5A_D0_MCX_2_con_2ul_19,480.243263,2,480.243263,2,precursor,35223128,1382926
383,DSDSGLLPR,Peggy_SCN5A_D0_MCX_2_con_2ul_19,485.247398,2,485.247398,2,precursor,13537236,3707911
556,DSDSGLLPR,Peggy_SCN5A_D0_MCX_2_con_2ul_19,480.243263,2,480.243263,2,precursor,7704421,2364160
596,DSDSGLLPR,Peggy_SCN5A_D0_MCX_2_con_2ul_19,485.247398,2,485.247398,2,precursor,7932550,1772626
1072,DSDSGLLPR,Peggy_SCN5A_D0_MCX_2_con_2ul_19,480.243263,2,480.243263,2,precursor,3897338,2791108
1113,DSDSGLLPR,Peggy_SCN5A_D0_MCX_2_con_2ul_19,485.247398,2,485.247398,2,precursor,8119376,828982
11,DSDSGLLPR,Peggy_SCN5A_D0_MCX_2_con_2ul_19,480.243263,2,480.744689,2,precursor [M+1],5523921,582531
53,DSDSGLLPR,Peggy_SCN5A_D0_MCX_2_con_2ul_19,485.247398,2,485.748899,2,precursor [M+1],4961604,0
347,DSDSGLLPR,Peggy_SCN5A_D0_MCX_2_con_2ul_19,480.243263,2,480.744689,2,precursor [M+1],1192865,0
389,DSDSGLLPR,Peggy_SCN5A_D0_MCX_2_con_2ul_19,485.247398,2,485.748899,2,precursor [M+1],7490043,489204
562,DSDSGLLPR,Peggy_SCN5A_D0_MCX_2_con_2ul_19,480.243263,2,480.744689,2,precursor [M+1],4906005,486057
602,DSDSGLLPR,Peggy_SCN5A_D0_MCX_2_con_2ul_19,485.247398,2,485.748899,2,precursor [M+1],3474003,918127
1078,DSDSGLLPR,Peggy_SCN5A_D0_MCX_2_con_2ul_19,480.243263,2,480.744689,2,precursor [M+1],576162,391832
1119,DSDSGLLPR,Peggy_SCN5A_D0_MCX_2_con_2ul_19,485.247398,2,485.748899,2,precursor [M+1],3056405,0
17,DSDSGLLPR,Peggy_SCN5A_D0_MCX_2_con_2ul_19,480.243263,2,481.245949,2,precursor [M+2],2233583,1272609
59,DSDSGLLPR,Peggy_SCN5A_D0_MCX_2_con_2ul_19,485.247398,2,486.250133,2,precursor [M+2],7429044,496073
353,DSDSGLLPR,Peggy_SCN5A_D0_MCX_2_con_2ul_19,480.243263,2,481.245949,2,precursor [M+2],3356315,1211962
395,DSDSGLLPR,Peggy_SCN5A_D0_MCX_2_con_2ul_19,485.247398,2,486.250133,2,precursor [M+2],2703102,1184603
568,DSDSGLLPR,Peggy_SCN5A_D0_MCX_2_con_2ul_19,480.243263,2,481.245949,2,precursor [M+2],3181942,0
608,DSDSGLLPR,Peggy_SCN5A_D0_MCX_2_con_2ul_19,485.247398,2,486.250133,2,precursor [M+2],6074564,696010
1084,DSDSGLLPR,Peggy_SCN5A_D0_MCX_2_con_2ul_19,480.243263,2,481.245949,2,precursor [M+2],757646,500171
1125,DSDSGLLPR,Peggy_SCN5A_D0_MCX_2_con_2ul_19,485.247398,2,486.250133,2,precursor [M+2],3858044,5952391
107,VLLEYADK,Peggy_SCN5A_D0_MCX_2_con_2ul_19,475.7633,2,213.159754,1,b2,628328,0
149,VLLEYADK,Peggy_SCN5A_D0_MCX_2_con_2ul_19,479.7704,2,213.159754,1,b2,21502,52682
426,VLLEYADK,Peggy_SCN5A_D0_MCX_2_con_2ul_19,475.7633,2,213.159754,1,b2,35360,0
455,VLLEYADK,Peggy_SCN5A_D0_MCX_2_con_2ul_19,479.7704,2,213.159754,1,b2,537433,76266
654,VLLEYADK,Peggy_SCN5A_D0_MCX_2_con_2ul_19,475.7633,2,213.159754,1,b2,628394,0
694,VLLEYADK,Peggy_SCN5A_D0_MCX_2_con_2ul_19,479.7704,2,213.159754,1,b2,76520,0
1171,VLLEYADK,Peggy_SCN5A_D0_MCX_2_con_2ul_19,475.7633,2,213.159754,1,b2,177,0
1210,VLLEYADK,Peggy_SCN5A_D0_MCX_2_con_2ul_19,479.7704,2,213.159754,1,b2,5213,0
125,VLLEYADK,Peggy_SCN5A_D0_MCX_2_con_2ul_19,475.7633,2,625.282782,1,y5,0,0
167,VLLEYADK,Peggy_SCN5A_D0_MCX_2_con_2ul_19,479.7704,2,633.296981,1,y5,0,0
463,VLLEYADK,Peggy_SCN5A_D0_MCX_2_con_2ul_19,479.7704,2,633.296981,1,y5,25320,0
119,VLLEYADK,Peggy_SCN5A_D0_MCX_2_con_2ul_19,475.7633,2,738.366846,1,y6,330557,0
161,VLLEYADK,Peggy_SCN5A_D0_MCX_2_con_2ul_19,479.7704,2,746.381045,1,y6,2947,0
432,VLLEYADK,Peggy_SCN5A_D0_MCX_2_con_2ul_19,475.7633,2,738.366846,1,y6,0,0
460,VLLEYADK,Peggy_SCN5A_D0_MCX_2_con_2ul_19,479.7704,2,746.381045,1,y6,285179,0
665,VLLEYADK,Peggy_SCN5A_D0_MCX_2_con_2ul_19,475.7633,2,738.366846,1,y6,330592,0
705,VLLEYADK,Peggy_SCN5A_D0_MCX_2_con_2ul_19,479.7704,2,746.381045,1,y6,2948,0
1221,VLLEYADK,Peggy_SCN5A_D0_MCX_2_con_2ul_19,479.7704,2,746.381045,1,y6,0,0
113,VLLEYADK,Peggy_SCN5A_D0_MCX_2_con_2ul_19,475.7633,2,851.45091,1,y7,0,0
155,VLLEYADK,Peggy_SCN5A_D0_MCX_2_con_2ul_19,479.7704,2,859.465109,1,y7,0,0
429,VLLEYADK,Peggy_SCN5A_D0_MCX_2_con_2ul_19,475.7633,2,851.45091,1,y7,18731,0
89,VLLEYADK,Peggy_SCN5A_D0_MCX_2_con_2ul_19,475.7633,2,475.7633,2,precursor,4751800,310851
131,VLLEYADK,Peggy_SCN5A_D0_MCX_2_con_2ul_19,479.7704,2,479.7704,2,precursor,4588329,2360166
411,VLLEYADK,Peggy_SCN5A_D0_MCX_2_con_2ul_19,475.7633,2,475.7633,2,precursor,3325417,2236641
440,VLLEYADK,Peggy_SCN5A_D0_MCX_2_con_2ul_19,479.7704,2,479.7704,2,precursor,4959400,0
636,VLLEYADK,Peggy_SCN5A_D0_MCX_2_con_2ul_19,475.7633,2,475.7633,2,precursor,4992163,0
676,VLLEYADK,Peggy_SCN5A_D0_MCX_2_con_2ul_19,479.7704,2,479.7704,2,precursor,1123935,4499550
1153,VLLEYADK,Peggy_SCN5A_D0_MCX_2_con_2ul_19,475.7633,2,475.7633,2,precursor,599522,0
1192,VLLEYADK,Peggy_SCN5A_D0_MCX_2_con_2ul_19,479.7704,2,479.7704,2,precursor,3707936,846734
95,VLLEYADK,Peggy_SCN5A_D0_MCX_2_con_2ul_19,475.7633,2,476.264813,2,precursor [M+1],5691998,4841179
137,VLLEYADK,Peggy_SCN5A_D0_MCX_2_con_2ul_19,479.7704,2,480.271942,2,precursor [M+1],13865244,3287506
417,VLLEYADK,Peggy_SCN5A_D0_MCX_2_con_2ul_19,475.7633,2,476.264813,2,precursor [M+1],4606295,6869352
446,VLLEYADK,Peggy_SCN5A_D0_MCX_2_con_2ul_19,479.7704,2,480.271942,2,precursor [M+1],1223615,550796
642,VLLEYADK,Peggy_SCN5A_D0_MCX_2_con_2ul_19,475.7633,2,476.264813,2,precursor [M+1],6811019,683380
682,VLLEYADK,Peggy_SCN5A_D0_MCX_2_con_2ul_19,479.7704,2,480.271942,2,precursor [M+1],8859090,8194285
1159,VLLEYADK,Peggy_SCN5A_D0_MCX_2_con_2ul_19,475.7633,2,476.264813,2,precursor [M+1],815273,324569
1198,VLLEYADK,Peggy_SCN5A_D0_MCX_2_con_2ul_19,479.7704,2,480.271942,2,precursor [M+1],1169034,1805054
101,VLLEYADK,Peggy_SCN5A_D0_MCX_2_con_2ul_19,475.7633,2,476.766168,2,precursor [M+2],3632068,0
143,VLLEYADK,Peggy_SCN5A_D0_MCX_2_con_2ul_19,479.7704,2,480.773266,2,precursor [M+2],7169678,1827101
423,VLLEYADK,Peggy_SCN5A_D0_MCX_2_con_2ul_19,475.7633,2,476.766168,2,precursor [M+2],3283716,0
452,VLLEYADK,Peggy_SCN5A_D0_MCX_2_con_2ul_19,479.7704,2,480.773266,2,precursor [M+2],174437,211765
648,VLLEYADK,Peggy_SCN5A_D0_MCX_2_con_2ul_19,475.7633,2,476.766168,2,precursor [M+2],2614179,0
688,VLLEYADK,Peggy_SCN5A_D0_MCX_2_con_2ul_19,479.7704,2,480.773266,2,precursor [M+2],6760990,2392104
1165,VLLEYADK,Peggy_SCN5A_D0_MCX_2_con_2ul_19,475.7633,2,476.766168,2,precursor [M+2],1024195,266510
1204,VLLEYADK,Peggy_SCN5A_D0_MCX_2_con_2ul_19,479.7704,2,480.773266,2,precursor [M+2],2688748,1944800
