,peptide,replicate,product charge,fragment ion,area
0,AHSLNPDASGSSCSLAR,1_MCX_2_con_2ul_48,2,precursor,2
1,AHSLNPDASGSSCSLAR,1_MCX_2_con_2ul_48,2,precursor [M+1],2
2,AHSLNPDASGSSCSLAR,1_MCX_2_con_2ul_48,2,precursor [M+2],2
3,AHSLNPDASGSSCSLAR,2_MCX_2_con_2ul_47,2,precursor,2
4,AHSLNPDASGSSCSLAR,2_MCX_2_con_2ul_47,2,precursor [M+1],2
5,AHSLNPDASGSSCSLAR,2_MCX_2_con_2ul_47,2,precursor [M+2],2
6,AHSLNPDASGSSCSLAR,3_MCX_2_con_2ul_46,2,precursor,2
7,AHSLNPDASGSSCSLAR,3_MCX_2_con_2ul_46,2,precursor [M+1],2
8,AHSLNPDASGSSCSLAR,3_MCX_2_con_2ul_46,2,precursor [M+2],2
9,AHSLNPDASGSSCSLAR,4_MCX_2_con_2ul_45,2,precursor,2
10,AHSLNPDASGSSCSLAR,4_MCX_2_con_2ul_45,2,precursor [M+1],2
11,AHSLNPDASGSSCSLAR,4_MCX_2_con_2ul_45,2,precursor [M+2],2
12,AHSLNPDASGSSCSLAR,5_MCX_2_con_2ul_44,2,precursor,2
13,AHSLNPDASGSSCSLAR,5_MCX_2_con_2ul_44,2,precursor [M+1],2
14,AHSLNPDASGSSCSLAR,5_MCX_2_con_2ul_44,2,precursor [M+2],2
15,AHSLNPDASGSSCSLAR,D1_MCX_2_con_2ul_41,2,precursor,2
16,AHSLNPDASGSSCSLAR,D1_MCX_2_con_2ul_41,2,precursor [M+1],2
17,AHSLNPDASGSSCSLAR,D1_MCX_2_con_2ul_41,2,precursor [M+2],2
18,AHSLNPDASGSSCSLAR,D2_MCX_2_con_2ul_40,2,precursor,2
19,AHSLNPDASGSSCSLAR,D2_MCX_2_con_2ul_40,2,precursor [M+1],2
20,AHSLNPDASGSSCSLAR,D2_MCX_2_con_2ul_40,2,precursor [M+2],2
21,AHSLNPDASGSSCSLAR,D3_MCX_2_con_2ul_39,2,precursor,2
22,AHSLNPDASGSSCSLAR,D3_MCX_2_con_2ul_39,2,precursor [M+1],2
23,AHSLNPDASGSSCSLAR,D3_MCX_2_con_2ul_39,2,precursor [M+2],2
24,AHSLNPDASGSSCSLAR,D4_MCX_2_con_2ul_38,2,precursor,2
25,AHSLNPDASGSSCSLAR,D4_MCX_2_con_2ul_38,2,precursor [M+1],2
26,AHSLNPDASGSSCSLAR,D4_MCX_2_con_2ul_38,2,precursor [M+2],2
27,AHSLNPDASGSSCSLAR,D5_MCX_2_con_2ul_37,2,precursor,2
28,AHSLNPDASGSSCSLAR,D5_MCX_2_con_2ul_37,2,precursor [M+1],2
29,AHSLNPDASGSSCSLAR,D5_MCX_2_con_2ul_37,2,precursor [M+2],2
30,AHSLNPDASGSSCSLAR,Peggy_SCN5A_D0_MCX_2_con_2ul_19,2,precursor,2
31,AHSLNPDASGSSCSLAR,Peggy_SCN5A_D0_MCX_2_con_2ul_19,2,precursor [M+1],2
32,AHSLNPDASGSSCSLAR,Peggy_SCN5A_D0_MCX_2_con_2ul_19,2,precursor [M+2],2
33,ALVGPGSPPR,1_MCX_2_con_2ul_48,2,precursor,2
34,ALVGPGSPPR,1_MCX_2_con_2ul_48,2,precursor [M+1],2
35,ALVGPGSPPR,1_MCX_2_con_2ul_48,2,precursor [M+2],2
36,ALVGPGSPPR,2_MCX_2_con_2ul_47,2,precursor,2
37,ALVGPGSPPR,2_MCX_2_con_2ul_47,2,precursor [M+1],2
38,ALVGPGSPPR,2_MCX_2_con_2ul_47,2,precursor [M+2],2
39,ALVGPGSPPR,3_MCX_2_con_2ul_46,2,precursor,2
40,ALVGPGSPPR,3_MCX_2_con_2ul_46,2,precursor [M+1],2
41,ALVGPGSPPR,3_MCX_2_con_2ul_46,2,precursor [M+2],2
42,ALVGPGSPPR,4_MCX_2_con_2ul_45,2,precursor,2
43,ALVGPGSPPR,4_MCX_2_con_2ul_45,2,precursor [M+1],2
44,ALVGPGSPPR,4_MCX_2_con_2ul_45,2,precursor [M+2],2
45,ALVGPGSPPR,5_MCX_2_con_2ul_44,2,precursor,2
46,ALVGPGSPPR,5_MCX_2_con_2ul_44,2,precursor [M+1],2
47,ALVGPGSPPR,5_MCX_2_con_2ul_44,2,precursor [M+2],2
48,ALVGPGSPPR,D1_MCX_2_con_2ul_41,2,precursor,2
49,ALVGPGSPPR,D1_MCX_2_con_2ul_41,2,precursor [M+1],2
50,ALVGPGSPPR,D1_MCX_2_con_2ul_41,2,precursor [M+2],2
51,ALVGPGSPPR,D2_MCX_2_con_2ul_40,2,precursor,2
52,ALVGPGSPPR,D2_MCX_2_con_2ul_40,2,precursor [M+1],2
53,ALVGPGSPPR,D2_MCX_2_con_2ul_40,2,precursor [M+2],2
54,ALVGPGSPPR,D3_MCX_2_con_2ul_39,2,precursor,2
55,ALVGPGSPPR,D3_MCX_2_con_2ul_39,2,precursor [M+1],2
56,ALVGPGSPPR,D3_MCX_2_con_2ul_39,2,precursor [M+2],2
57,ALVGPGSPPR,D4_MCX_2_con_2ul_38,2,precursor,2
58,ALVGPGSPPR,D4_MCX_2_con_2ul_38,2,precursor [M+1],2
59,ALVGPGSPPR,D4_MCX_2_con_2ul_38,2,precursor [M+2],2
60,ALVGPGSPPR,D5_MCX_2_con_2ul_37,2,precursor,2
61,ALVGPGSPPR,D5_MCX_2_con_2ul_37,2,precursor [M+1],2
62,ALVGPGSPPR,D5_MCX_2_con_2ul_37,2,precursor [M+2],2
63,ALVGPGSPPR,Peggy_SCN5A_D0_MCX_2_con_2ul_19,2,precursor,2
64,ALVGPGSPPR,Peggy_SCN5A_D0_MCX_2_con_2ul_19,2,precursor [M+1],2
65,ALVGPGSPPR,Peggy_SCN5A_D0_MCX_2_con_2ul_19,2,precursor [M+2],2
66,ASSADDIEAMR,1_MCX_2_con_2ul_48,2,precursor,4
67,ASSADDIEAMR,1_MCX_2_con_2ul_48,2,precursor [M+1],4
68,ASSADDIEAMR,1_MCX_2_con_2ul_48,2,precursor [M+2],4
69,ASSADDIEAMR,2_MCX_2_con_2ul_47,2,precursor,4
70,ASSADDIEAMR,2_MCX_2_con_2ul_47,2,precursor [M+1],4
71,ASSADDIEAMR,2_MCX_2_con_2ul_47,2,precursor [M+2],4
72,ASSADDIEAMR,3_MCX_2_con_2ul_46,2,precursor,4
73,ASSADDIEAMR,3_MCX_2_con_2ul_46,2,precursor [M+1],4
74,ASSADDIEAMR,3_MCX_2_con_2ul_46,2,precursor [M+2],4
75,ASSADDIEAMR,4_MCX_2_con_2ul_45,2,precursor,4
76,ASSADDIEAMR,4_MCX_2_con_2ul_45,2,precursor [M+1],4
77,ASSADDIEAMR,4_MCX_2_con_2ul_45,2,precursor [M+2],4
78,ASSADDIEAMR,5_MCX_2_con_2ul_44,2,precursor,4
79,ASSADDIEAMR,5_MCX_2_con_2ul_44,2,precursor [M+1],4
80,ASSADDIEAMR,5_MCX_2_con_2ul_44,2,precursor [M+2],4
81,ASSADDIEAMR,D1_MCX_2_con_2ul_41,2,precursor,4
82,ASSADDIEAMR,D1_MCX_2_con_2ul_41,2,precursor [M+1],4
83,ASSADDIEAMR,D1_MCX_2_con_2ul_41,2,precursor [M+2],4
84,ASSADDIEAMR,D2_MCX_2_con_2ul_40,2,precursor,4
85,ASSADDIEAMR,D2_MCX_2_con_2ul_40,2,precursor [M+1],4
86,ASSADDIEAMR,D2_MCX_2_con_2ul_40,2,precursor [M+2],4
87,ASSADDIEAMR,D3_MCX_2_con_2ul_39,2,precursor,4
88,ASSADDIEAMR,D3_MCX_2_con_2ul_39,2,precursor [M+1],4
89,ASSADDIEAMR,D3_MCX_2_con_2ul_39,2,precursor [M+2],4
90,ASSADDIEAMR,D4_MCX_2_con_2ul_38,2,precursor,4
91,ASSADDIEAMR,D4_MCX_2_con_2ul_38,2,precursor [M+1],4
92,ASSADDIEAMR,D4_MCX_2_con_2ul_38,2,precursor [M+2],4
93,ASSADDIEAMR,D5_MCX_2_con_2ul_37,2,precursor,4
94,ASSADDIEAMR,D5_MCX_2_con_2ul_37,2,precursor [M+1],4
95,ASSADDIEAMR,D5_MCX_2_con_2ul_37,2,precursor [M+2],4
96,ASSADDIEAMR,Peggy_SCN5A_D0_MCX_2_con_2ul_19,2,precursor,4
97,ASSADDIEAMR,Peggy_SCN5A_D0_MCX_2_con_2ul_19,2,precursor [M+1],4
98,ASSADDIEAMR,Peggy_SCN5A_D0_MCX_2_con_2ul_19,2,precursor [M+2],4
99,DSDSGLLPR,1_MCX_2_con_2ul_48,1,y1,2
100,DSDSGLLPR,1_MCX_2_con_2ul_48,1,y2,2
101,DSDSGLLPR,1_MCX_2_con_2ul_48,1,y5,2
102,DSDSGLLPR,1_MCX_2_con_2ul_48,1,y6,2
103,DSDSGLLPR,1_MCX_2_con_2ul_48,2,precursor,2
104,DSDSGLLPR,1_MCX_2_con_2ul_48,2,precursor [M+1],2
105,DSDSGLLPR,1_MCX_2_con_2ul_48,2,precursor [M+2],2
106,DSDSGLLPR,2_MCX_2_con_2ul_47,1,y1,2
107,DSDSGLLPR,2_MCX_2_con_2ul_47,1,y2,2
108,DSDSGLLPR,2_MCX_2_con_2ul_47,1,y5,2
109,DSDSGLLPR,2_MCX_2_con_2ul_47,1,y6,2
110,DSDSGLLPR,2_MCX_2_con_2ul_47,2,precursor,2
111,DSDSGLLPR,2_MCX_2_con_2ul_47,2,precursor [M+1],2
112,DSDSGLLPR,2_MCX_2_con_2ul_47,2,precursor [M+2],2
113,DSDSGLLPR,3_MCX_2_con_2ul_46,1,y1,2
114,DSDSGLLPR,3_MCX_2_con_2ul_46,1,y2,2
115,DSDSGLLPR,3_MCX_2_con_2ul_46,1,y5,2
116,DSDSGLLPR,3_MCX_2_con_2ul_46,1,y6,2
117,DSDSGLLPR,3_MCX_2_con_2ul_46,2,precursor,2
118,DSDSGLLPR,3_MCX_2_con_2ul_46,2,precursor [M+1],2
119,DSDSGLLPR,3_MCX_2_con_2ul_46,2,precursor [M+2],2
120,DSDSGLLPR,4_MCX_2_con_2ul_45,1,y1,2
121,DSDSGLLPR,4_MCX_2_con_2ul_45,1,y2,2
122,DSDSGLLPR,4_MCX_2_con_2ul_45,1,y5,2
123,DSDSGLLPR,4_MCX_2_con_2ul_45,1,y6,2
124,DSDSGLLPR,4_MCX_2_con_2ul_45,2,precursor,2
125,DSDSGLLPR,4_MCX_2_con_2ul_45,2,precursor [M+1],2
126,DSDSGLLPR,4_MCX_2_con_2ul_45,2,precursor [M+2],2
127,DSDSGLLPR,5_MCX_2_con_2ul_44,1,y1,2
128,DSDSGLLPR,5_MCX_2_con_2ul_44,1,y2,2
129,DSDSGLLPR,5_MCX_2_con_2ul_44,1,y5,2
130,DSDSGLLPR,5_MCX_2_con_2ul_44,1,y6,2
131,DSDSGLLPR,5_MCX_2_con_2ul_44,2,precursor,2
132,DSDSGLLPR,5_MCX_2_con_2ul_44,2,precursor [M+1],2
133,DSDSGLLPR,5_MCX_2_con_2ul_44,2,precursor [M+2],2
134,DSDSGLLPR,D1_MCX_2_con_2ul_24,1,y1,2
135,DSDSGLLPR,D1_MCX_2_con_2ul_24,1,y2,2
136,DSDSGLLPR,D1_MCX_2_con_2ul_24,1,y5,2
137,DSDSGLLPR,D1_MCX_2_con_2ul_24,1,y6,2
138,DSDSGLLPR,D1_MCX_2_con_2ul_24,2,precursor,2
139,DSDSGLLPR,D1_MCX_2_con_2ul_24,2,precursor [M+1],2
140,DSDSGLLPR,D1_MCX_2_con_2ul_24,2,precursor [M+2],2
141,DSDSGLLPR,D1_MCX_2_con_2ul_34,1,y1,2
142,DSDSGLLPR,D1_MCX_2_con_2ul_34,1,y2,2
143,DSDSGLLPR,D1_MCX_2_con_2ul_34,1,y5,2
144,DSDSGLLPR,D1_MCX_2_con_2ul_34,1,y6,2
145,DSDSGLLPR,D1_MCX_2_con_2ul_34,2,precursor,2
146,DSDSGLLPR,D1_MCX_2_con_2ul_34,2,precursor [M+1],2
147,DSDSGLLPR,D1_MCX_2_con_2ul_34,2,precursor [M+2],2
148,DSDSGLLPR,D1_MCX_2_con_2ul_41,1,y1,2
149,DSDSGLLPR,D1_MCX_2_con_2ul_41,1,y2,2
150,DSDSGLLPR,D1_MCX_2_con_2ul_41,1,y5,2
151,DSDSGLLPR,D1_MCX_2_con_2ul_41,1,y6,2
152,DSDSGLLPR,D1_MCX_2_con_2ul_41,2,precursor,2
153,DSDSGLLPR,D1_MCX_2_con_2ul_41,2,precursor [M+1],2
154,DSDSGLLPR,D1_MCX_2_con_2ul_41,2,precursor [M+2],2
155,DSDSGLLPR,D2_MCX_2_con_2ul_23,1,y1,2
156,DSDSGLLPR,D2_MCX_2_con_2ul_23,1,y2,2
157,DSDSGLLPR,D2_MCX_2_con_2ul_23,1,y5,2
158,DSDSGLLPR,D2_MCX_2_con_2ul_23,1,y6,2
159,DSDSGLLPR,D2_MCX_2_con_2ul_23,2,precursor,2
160,DSDSGLLPR,D2_MCX_2_con_2ul_23,2,precursor [M+1],2
161,DSDSGLLPR,D2_MCX_2_con_2ul_23,2,precursor [M+2],2
162,DSDSGLLPR,D2_MCX_2_con_2ul_33,1,y1,2
163,DSDSGLLPR,D2_MCX_2_con_2ul_33,1,y2,2
164,DSDSGLLPR,D2_MCX_2_con_2ul_33,1,y5,2
165,DSDSGLLPR,D2_MCX_2_con_2ul_33,1,y6,2
166,DSDSGLLPR,D2_MCX_2_con_2ul_33,2,precursor,2
167,DSDSGLLPR,D2_MCX_2_con_2ul_33,2,precursor [M+1],2
168,DSDSGLLPR,D2_MCX_2_con_2ul_33,2,precursor [M+2],2
169,DSDSGLLPR,D2_MCX_2_con_2ul_40,1,y1,2
170,DSDSGLLPR,D2_MCX_2_con_2ul_40,1,y2,2
171,DSDSGLLPR,D2_MCX_2_con_2ul_40,1,y5,2
172,DSDSGLLPR,D2_MCX_2_con_2ul_40,1,y6,2
173,DSDSGLLPR,D2_MCX_2_con_2ul_40,2,precursor,2
174,DSDSGLLPR,D2_MCX_2_con_2ul_40,2,precursor [M+1],2
175,DSDSGLLPR,D2_MCX_2_con_2ul_40,2,precursor [M+2],2
176,DSDSGLLPR,D3_MCX_2_con_2ul_22,1,y1,2
177,DSDSGLLPR,D3_MCX_2_con_2ul_22,1,y2,2
178,DSDSGLLPR,D3_MCX_2_con_2ul_22,1,y5,2
179,DSDSGLLPR,D3_MCX_2_con_2ul_22,1,y6,2
180,DSDSGLLPR,D3_MCX_2_con_2ul_22,2,precursor,2
181,DSDSGLLPR,D3_MCX_2_con_2ul_22,2,precursor [M+1],2
182,DSDSGLLPR,D3_MCX_2_con_2ul_22,2,precursor [M+2],2
183,DSDSGLLPR,D3_MCX_2_con_2ul_32,1,y1,1
184,DSDSGLLPR,D3_MCX_2_con_2ul_32,1,y2,1
185,DSDSGLLPR,D3_MCX_2_con_2ul_32,1,y5,1
186,DSDSGLLPR,D3_MCX_2_con_2ul_32,1,y6,1
187,DSDSGLLPR,D3_MCX_2_con_2ul_32,2,precursor,2
188,DSDSGLLPR,D3_MCX_2_con_2ul_32,2,precursor [M+1],2
189,DSDSGLLPR,D3_MCX_2_con_2ul_32,2,precursor [M+2],2
190,DSDSGLLPR,D3_MCX_2_con_2ul_39,1,y1,2
191,DSDSGLLPR,D3_MCX_2_con_2ul_39,1,y2,2
192,DSDSGLLPR,D3_MCX_2_con_2ul_39,1,y5,2
193,DSDSGLLPR,D3_MCX_2_con_2ul_39,1,y6,2
194,DSDSGLLPR,D3_MCX_2_con_2ul_39,2,precursor,2
195,DSDSGLLPR,D3_MCX_2_con_2ul_39,2,precursor [M+1],2
196,DSDSGLLPR,D3_MCX_2_con_2ul_39,2,precursor [M+2],2
197,DSDSGLLPR,D4_MCX_2_con_2ul_21,1,y1,2
198,DSDSGLLPR,D4_MCX_2_con_2ul_21,1,y2,2
199,DSDSGLLPR,D4_MCX_2_con_2ul_21,1,y5,2
200,DSDSGLLPR,D4_MCX_2_con_2ul_21,1,y6,2
201,DSDSGLLPR,D4_MCX_2_con_2ul_21,2,precursor,2
202,DSDSGLLPR,D4_MCX_2_con_2ul_21,2,precursor [M+1],2
203,DSDSGLLPR,D4_MCX_2_con_2ul_21,2,precursor [M+2],2
204,DSDSGLLPR,D4_MCX_2_con_2ul_31,1,y1,1
205,DSDSGLLPR,D4_MCX_2_con_2ul_31,1,y2,1
206,DSDSGLLPR,D4_MCX_2_con_2ul_31,1,y5,1
207,DSDSGLLPR,D4_MCX_2_con_2ul_31,1,y6,1
208,DSDSGLLPR,D4_MCX_2_con_2ul_31,2,precursor,2
209,DSDSGLLPR,D4_MCX_2_con_2ul_31,2,precursor [M+1],2
210,DSDSGLLPR,D4_MCX_2_con_2ul_31,2,precursor [M+2],2
211,DSDSGLLPR,D4_MCX_2_con_2ul_38,1,y1,2
212,DSDSGLLPR,D4_MCX_2_con_2ul_38,1,y2,2
213,DSDSGLLPR,D4_MCX_2_con_2ul_38,1,y5,2
214,DSDSGLLPR,D4_MCX_2_con_2ul_38,1,y6,2
215,DSDSGLLPR,D4_MCX_2_con_2ul_38,2,precursor,2
216,DSDSGLLPR,D4_MCX_2_con_2ul_38,2,precursor [M+1],2
217,DSDSGLLPR,D4_MCX_2_con_2ul_38,2,precursor [M+2],2
218,DSDSGLLPR,D5_MCX_2_con_2ul_20,1,y1,2
219,DSDSGLLPR,D5_MCX_2_con_2ul_20,1,y2,2
220,DSDSGLLPR,D5_MCX_2_con_2ul_20,1,y5,2
221,DSDSGLLPR,D5_MCX_2_con_2ul_20,1,y6,2
222,DSDSGLLPR,D5_MCX_2_con_2ul_20,2,precursor,2
223,DSDSGLLPR,D5_MCX_2_con_2ul_20,2,precursor [M+1],2
224,DSDSGLLPR,D5_MCX_2_con_2ul_20,2,precursor [M+2],2
225,DSDSGLLPR,D5_MCX_2_con_2ul_30,1,y1,1
226,DSDSGLLPR,D5_MCX_2_con_2ul_30,1,y2,1
227,DSDSGLLPR,D5_MCX_2_con_2ul_30,1,y5,1
228,DSDSGLLPR,D5_MCX_2_con_2ul_30,1,y6,1
229,DSDSGLLPR,D5_MCX_2_con_2ul_30,2,precursor,2
230,DSDSGLLPR,D5_MCX_2_con_2ul_30,2,precursor [M+1],2
231,DSDSGLLPR,D5_MCX_2_con_2ul_30,2,precursor [M+2],2
232,DSDSGLLPR,D5_MCX_2_con_2ul_37,1,y1,2
233,DSDSGLLPR,D5_MCX_2_con_2ul_37,1,y2,2
234,DSDSGLLPR,D5_MCX_2_con_2ul_37,1,y5,2
235,DSDSGLLPR,D5_MCX_2_con_2ul_37,1,y6,2
236,DSDSGLLPR,D5_MCX_2_con_2ul_37,2,precursor,2
237,DSDSGLLPR,D5_MCX_2_con_2ul_37,2,precursor [M+1],2
238,DSDSGLLPR,D5_MCX_2_con_2ul_37,2,precursor [M+2],2
239,DSDSGLLPR,Peggy_SCN5A_D0_MCX_2_con_2ul_19,1,y1,8
240,DSDSGLLPR,Peggy_SCN5A_D0_MCX_2_con_2ul_19,1,y2,8
241,DSDSGLLPR,Peggy_SCN5A_D0_MCX_2_con_2ul_19,1,y5,3
242,DSDSGLLPR,Peggy_SCN5A_D0_MCX_2_con_2ul_19,1,y6,4
243,DSDSGLLPR,Peggy_SCN5A_D0_MCX_2_con_2ul_19,2,precursor,8
244,DSDSGLLPR,Peggy_SCN5A_D0_MCX_2_con_2ul_19,2,precursor [M+1],8
245,DSDSGLLPR,Peggy_SCN5A_D0_MCX_2_con_2ul_19,2,precursor [M+2],8
246,SAPGQLPSPR,1_MCX_2_con_2ul_48,2,precursor,2
247,SAPGQLPSPR,1_MCX_2_con_2ul_48,2,precursor [M+1],2
248,SAPGQLPSPR,1_MCX_2_con_2ul_48,2,precursor [M+2],2
249,SAPGQLPSPR,2_MCX_2_con_2ul_47,2,precursor,2
250,SAPGQLPSPR,2_MCX_2_con_2ul_47,2,precursor [M+1],2
251,SAPGQLPSPR,2_MCX_2_con_2ul_47,2,precursor [M+2],2
252,SAPGQLPSPR,3_MCX_2_con_2ul_46,2,precursor,2
253,SAPGQLPSPR,3_MCX_2_con_2ul_46,2,precursor [M+1],2
254,SAPGQLPSPR,3_MCX_2_con_2ul_46,2,precursor [M+2],2
255,SAPGQLPSPR,4_MCX_2_con_2ul_45,2,precursor,2
256,SAPGQLPSPR,4_MCX_2_con_2ul_45,2,precursor [M+1],2
257,SAPGQLPSPR,4_MCX_2_con_2ul_45,2,precursor [M+2],2
258,SAPGQLPSPR,5_MCX_2_con_2ul_44,2,precursor,2
259,SAPGQLPSPR,5_MCX_2_con_2ul_44,2,precursor [M+1],2
260,SAPGQLPSPR,5_MCX_2_con_2ul_44,2,precursor [M+2],2
261,SAPGQLPSPR,D1_MCX_2_con_2ul_41,2,precursor,2
262,SAPGQLPSPR,D1_MCX_2_con_2ul_41,2,precursor [M+1],2
263,SAPGQLPSPR,D1_MCX_2_con_2ul_41,2,precursor [M+2],2
264,SAPGQLPSPR,D2_MCX_2_con_2ul_40,2,precursor,2
265,SAPGQLPSPR,D2_MCX_2_con_2ul_40,2,precursor [M+1],2
266,SAPGQLPSPR,D2_MCX_2_con_2ul_40,2,precursor [M+2],2
267,SAPGQLPSPR,D3_MCX_2_con_2ul_39,2,precursor,2
268,SAPGQLPSPR,D3_MCX_2_con_2ul_39,2,precursor [M+1],2
269,SAPGQLPSPR,D3_MCX_2_con_2ul_39,2,precursor [M+2],2
270,SAPGQLPSPR,D4_MCX_2_con_2ul_38,2,precursor,2
271,SAPGQLPSPR,D4_MCX_2_con_2ul_38,2,precursor [M+1],2
272,SAPGQLPSPR,D4_MCX_2_con_2ul_38,2,precursor [M+2],2
273,SAPGQLPSPR,D5_MCX_2_con_2ul_37,2,precursor,2
274,SAPGQLPSPR,D5_MCX_2_con_2ul_37,2,precursor [M+1],2
275,SAPGQLPSPR,D5_MCX_2_con_2ul_37,2,precursor [M+2],2
276,SAPGQLPSPR,Peggy_SCN5A_D0_MCX_2_con_2ul_19,2,precursor,2
277,SAPGQLPSPR,Peggy_SCN5A_D0_MCX_2_con_2ul_19,2,precursor [M+1],2
278,SAPGQLPSPR,Peggy_SCN5A_D0_MCX_2_con_2ul_19,2,precursor [M+2],2
279,SGLLNSTSDSDLVR,1_MCX_2_con_2ul_48,2,precursor,2
280,SGLLNSTSDSDLVR,1_MCX_2_con_2ul_48,2,precursor [M+1],2
281,SGLLNSTSDSDLVR,1_MCX_2_con_2ul_48,2,precursor [M+2],2
282,SGLLNSTSDSDLVR,2_MCX_2_con_2ul_47,2,precursor,2
283,SGLLNSTSDSDLVR,2_MCX_2_con_2ul_47,2,precursor [M+1],2
284,SGLLNSTSDSDLVR,2_MCX_2_con_2ul_47,2,precursor [M+2],2
285,SGLLNSTSDSDLVR,3_MCX_2_con_2ul_46,2,precursor,2
286,SGLLNSTSDSDLVR,3_MCX_2_con_2ul_46,2,precursor [M+1],2
287,SGLLNSTSDSDLVR,3_MCX_2_con_2ul_46,2,precursor [M+2],2
288,SGLLNSTSDSDLVR,4_MCX_2_con_2ul_45,2,precursor,2
289,SGLLNSTSDSDLVR,4_MCX_2_con_2ul_45,2,precursor [M+1],2
290,SGLLNSTSDSDLVR,4_MCX_2_con_2ul_45,2,precursor [M+2],2
291,SGLLNSTSDSDLVR,5_MCX_2_con_2ul_44,2,precursor,2
292,SGLLNSTSDSDLVR,5_MCX_2_con_2ul_44,2,precursor [M+1],2
293,SGLLNSTSDSDLVR,5_MCX_2_con_2ul_44,2,precursor [M+2],2
294,SGLLNSTSDSDLVR,D1_MCX_2_con_2ul_41,2,precursor,2
295,SGLLNSTSDSDLVR,D1_MCX_2_con_2ul_41,2,precursor [M+1],2
296,SGLLNSTSDSDLVR,D1_MCX_2_con_2ul_41,2,precursor [M+2],2
297,SGLLNSTSDSDLVR,D2_MCX_2_con_2ul_40,2,precursor,2
298,SGLLNSTSDSDLVR,D2_MCX_2_con_2ul_40,2,precursor [M+1],2
299,SGLLNSTSDSDLVR,D2_MCX_2_con_2ul_40,2,precursor [M+2],2
300,SGLLNSTSDSDLVR,D3_MCX_2_con_2ul_39,2,precursor,2
301,SGLLNSTSDSDLVR,D3_MCX_2_con_2ul_39,2,precursor [M+1],2
302,SGLLNSTSDSDLVR,D3_MCX_2_con_2ul_39,2,precursor [M+2],2
303,SGLLNSTSDSDLVR,D4_MCX_2_con_2ul_38,2,precursor,2
304,SGLLNSTSDSDLVR,D4_MCX_2_con_2ul_38,2,precursor [M+1],2
305,SGLLNSTSDSDLVR,D4_MCX_2_con_2ul_38,2,precursor [M+2],2
306,SGLLNSTSDSDLVR,D5_MCX_2_con_2ul_37,2,precursor,2
307,SGLLNSTSDSDLVR,D5_MCX_2_con_2ul_37,2,precursor [M+1],2
308,SGLLNSTSDSDLVR,D5_MCX_2_con_2ul_37,2,precursor [M+2],2
309,SGLLNSTSDSDLVR,Peggy_SCN5A_D0_MCX_2_con_2ul_19,2,precursor,2
310,SGLLNSTSDSDLVR,Peggy_SCN5A_D0_MCX_2_con_2ul_19,2,precursor [M+1],2
311,SGLLNSTSDSDLVR,Peggy_SCN5A_D0_MCX_2_con_2ul_19,2,precursor [M+2],2
312,VLLEYADK,1_MCX_2_con_2ul_48,1,b2,2
313,VLLEYADK,1_MCX_2_con_2ul_48,1,y5,2
314,VLLEYADK,1_MCX_2_con_2ul_48,1,y6,2
315,VLLEYADK,1_MCX_2_con_2ul_48,1,y7,2
316,VLLEYADK,1_MCX_2_con_2ul_48,2,precursor,2
317,VLLEYADK,1_MCX_2_con_2ul_48,2,precursor [M+1],2
318,VLLEYADK,1_MCX_2_con_2ul_48,2,precursor [M+2],2
319,VLLEYADK,2_MCX_2_con_2ul_47,1,b2,2
320,VLLEYADK,2_MCX_2_con_2ul_47,1,y5,2
321,VLLEYADK,2_MCX_2_con_2ul_47,1,y6,2
322,VLLEYADK,2_MCX_2_con_2ul_47,1,y7,2
323,VLLEYADK,2_MCX_2_con_2ul_47,2,precursor,2
324,VLLEYADK,2_MCX_2_con_2ul_47,2,precursor [M+1],2
325,VLLEYADK,2_MCX_2_con_2ul_47,2,precursor [M+2],2
326,VLLEYADK,3_MCX_2_con_2ul_46,1,b2,2
327,VLLEYADK,3_MCX_2_con_2ul_46,1,y5,2
328,VLLEYADK,3_MCX_2_con_2ul_46,1,y6,2
329,VLLEYADK,3_MCX_2_con_2ul_46,1,y7,2
330,VLLEYADK,3_MCX_2_con_2ul_46,2,precursor,2
331,VLLEYADK,3_MCX_2_con_2ul_46,2,precursor [M+1],2
332,VLLEYADK,3_MCX_2_con_2ul_46,2,precursor [M+2],2
333,VLLEYADK,4_MCX_2_con_2ul_45,1,b2,2
334,VLLEYADK,4_MCX_2_con_2ul_45,1,y5,2
335,VLLEYADK,4_MCX_2_con_2ul_45,1,y6,2
336,VLLEYADK,4_MCX_2_con_2ul_45,1,y7,2
337,VLLEYADK,4_MCX_2_con_2ul_45,2,precursor,2
338,VLLEYADK,4_MCX_2_con_2ul_45,2,precursor [M+1],2
339,VLLEYADK,4_MCX_2_con_2ul_45,2,precursor [M+2],2
340,VLLEYADK,5_MCX_2_con_2ul_44,1,b2,2
341,VLLEYADK,5_MCX_2_con_2ul_44,1,y5,2
342,VLLEYADK,5_MCX_2_con_2ul_44,1,y6,2
343,VLLEYADK,5_MCX_2_con_2ul_44,1,y7,2
344,VLLEYADK,5_MCX_2_con_2ul_44,2,precursor,2
345,VLLEYADK,5_MCX_2_con_2ul_44,2,precursor [M+1],2
346,VLLEYADK,5_MCX_2_con_2ul_44,2,precursor [M+2],2
347,VLLEYADK,D1_MCX_2_con_2ul_24,1,b2,2
348,VLLEYADK,D1_MCX_2_con_2ul_24,1,y5,2
349,VLLEYADK,D1_MCX_2_con_2ul_24,1,y6,2
350,VLLEYADK,D1_MCX_2_con_2ul_24,1,y7,2
351,VLLEYADK,D1_MCX_2_con_2ul_24,2,precursor,2
352,VLLEYADK,D1_MCX_2_con_2ul_24,2,precursor [M+1],2
353,VLLEYADK,D1_MCX_2_con_2ul_24,2,precursor [M+2],2
354,VLLEYADK,D1_MCX_2_con_2ul_34,1,b2,2
355,VLLEYADK,D1_MCX_2_con_2ul_34,1,y5,2
356,VLLEYADK,D1_MCX_2_con_2ul_34,1,y6,2
357,VLLEYADK,D1_MCX_2_con_2ul_34,1,y7,2
358,VLLEYADK,D1_MCX_2_con_2ul_34,2,precursor,2
359,VLLEYADK,D1_MCX_2_con_2ul_34,2,precursor [M+1],2
360,VLLEYADK,D1_MCX_2_con_2ul_34,2,precursor [M+2],2
361,VLLEYADK,D1_MCX_2_con_2ul_41,1,b2,2
362,VLLEYADK,D1_MCX_2_con_2ul_41,1,y5,2
363,VLLEYADK,D1_MCX_2_con_2ul_41,1,y6,2
364,VLLEYADK,D1_MCX_2_con_2ul_41,1,y7,2
365,VLLEYADK,D1_MCX_2_con_2ul_41,2,precursor,2
366,VLLEYADK,D1_MCX_2_con_2ul_41,2,precursor [M+1],2
367,VLLEYADK,D1_MCX_2_con_2ul_41,2,precursor [M+2],2
368,VLLEYADK,D2_MCX_2_con_2ul_23,1,b2,2
369,VLLEYADK,D2_MCX_2_con_2ul_23,1,y5,2
370,VLLEYADK,D2_MCX_2_con_2ul_23,1,y6,2
371,VLLEYADK,D2_MCX_2_con_2ul_23,1,y7,2
372,VLLEYADK,D2_MCX_2_con_2ul_23,2,precursor,2
373,VLLEYADK,D2_MCX_2_con_2ul_23,2,precursor [M+1],2
374,VLLEYADK,D2_MCX_2_con_2ul_23,2,precursor [M+2],2
375,VLLEYADK,D2_MCX_2_con_2ul_33,1,b2,2
376,VLLEYADK,D2_MCX_2_con_2ul_33,1,y5,2
377,VLLEYADK,D2_MCX_2_con_2ul_33,1,y6,2
378,VLLEYADK,D2_MCX_2_con_2ul_33,1,y7,2
379,VLLEYADK,D2_MCX_2_con_2ul_33,2,precursor,2
380,VLLEYADK,D2_MCX_2_con_2ul_33,2,precursor [M+1],2
381,VLLEYADK,D2_MCX_2_con_2ul_33,2,precursor [M+2],2
382,VLLEYADK,D2_MCX_2_con_2ul_40,1,b2,2
383,VLLEYADK,D2_MCX_2_con_2ul_40,1,y5,2
384,VLLEYADK,D2_MCX_2_con_2ul_40,1,y6,2
385,VLLEYADK,D2_MCX_2_con_2ul_40,1,y7,2
386,VLLEYADK,D2_MCX_2_con_2ul_40,2,precursor,2
387,VLLEYADK,D2_MCX_2_con_2ul_40,2,precursor [M+1],2
388,VLLEYADK,D2_MCX_2_con_2ul_40,2,precursor [M+2],2
389,VLLEYADK,D3_MCX_2_con_2ul_22,1,b2,2
390,VLLEYADK,D3_MCX_2_con_2ul_22,1,y5,2
391,VLLEYADK,D3_MCX_2_con_2ul_22,1,y6,2
392,VLLEYADK,D3_MCX_2_con_2ul_22,1,y7,2
393,VLLEYADK,D3_MCX_2_con_2ul_22,2,precursor,2
394,VLLEYADK,D3_MCX_2_con_2ul_22,2,precursor [M+1],2
395,VLLEYADK,D3_MCX_2_con_2ul_22,2,precursor [M+2],2
396,VLLEYADK,D3_MCX_2_con_2ul_32,2,precursor,2
397,VLLEYADK,D3_MCX_2_con_2ul_32,2,precursor [M+1],2
398,VLLEYADK,D3_MCX_2_con_2ul_32,2,precursor [M+2],2
399,VLLEYADK,D3_MCX_2_con_2ul_39,1,b2,2
400,VLLEYADK,D3_MCX_2_con_2ul_39,1,y5,2
401,VLLEYADK,D3_MCX_2_con_2ul_39,1,y6,2
402,VLLEYADK,D3_MCX_2_con_2ul_39,1,y7,2
403,VLLEYADK,D3_MCX_2_con_2ul_39,2,precursor,2
404,VLLEYADK,D3_MCX_2_con_2ul_39,2,precursor [M+1],2
405,VLLEYADK,D3_MCX_2_con_2ul_39,2,precursor [M+2],2
406,VLLEYADK,D4_MCX_2_con_2ul_21,1,b2,2
407,VLLEYADK,D4_MCX_2_con_2ul_21,1,y5,2
408,VLLEYADK,D4_MCX_2_con_2ul_21,1,y6,2
409,VLLEYADK,D4_MCX_2_con_2ul_21,1,y7,2
410,VLLEYADK,D4_MCX_2_con_2ul_21,2,precursor,2
411,VLLEYADK,D4_MCX_2_con_2ul_21,2,precursor [M+1],2
412,VLLEYADK,D4_MCX_2_con_2ul_21,2,precursor [M+2],2
413,VLLEYADK,D4_MCX_2_con_2ul_31,2,precursor,2
414,VLLEYADK,D4_MCX_2_con_2ul_31,2,precursor [M+1],2
415,VLLEYADK,D4_MCX_2_con_2ul_31,2,precursor [M+2],2
416,VLLEYADK,D4_MCX_2_con_2ul_38,1,b2,2
417,VLLEYADK,D4_MCX_2_con_2ul_38,1,y5,2
418,VLLEYADK,D4_MCX_2_con_2ul_38,1,y6,2
419,VLLEYADK,D4_MCX_2_con_2ul_38,1,y7,2
420,VLLEYADK,D4_MCX_2_con_2ul_38,2,precursor,2
421,VLLEYADK,D4_MCX_2_con_2ul_38,2,precursor [M+1],2
422,VLLEYADK,D4_MCX_2_con_2ul_38,2,precursor [M+2],2
423,VLLEYADK,D5_MCX_2_con_2ul_20,1,b2,2
424,VLLEYADK,D5_MCX_2_con_2ul_20,1,y5,2
425,VLLEYADK,D5_MCX_2_con_2ul_20,1,y6,2
426,VLLEYADK,D5_MCX_2_con_2ul_20,1,y7,2
427,VLLEYADK,D5_MCX_2_con_2ul_20,2,precursor,2
428,VLLEYADK,D5_MCX_2_con_2ul_20,2,precursor [M+1],2
429,VLLEYADK,D5_MCX_2_con_2ul_20,2,precursor [M+2],2
430,VLLEYADK,D5_MCX_2_con_2ul_30,2,precursor,2
431,VLLEYADK,D5_MCX_2_con_2ul_30,2,precursor [M+1],2
432,VLLEYADK,D5_MCX_2_con_2ul_30,2,precursor [M+2],2
433,VLLEYADK,D5_MCX_2_con_2ul_37,1,b2,2
434,VLLEYADK,D5_MCX_2_con_2ul_37,1,y5,2
435,VLLEYADK,D5_MCX_2_con_2ul_37,1,y6,2
436,VLLEYADK,D5_MCX_2_con_2ul_37,1,y7,2
437,VLLEYADK,D5_MCX_2_con_2ul_37,2,precursor,2
438,VLLEYADK,D5_MCX_2_con_2ul_37,2,precursor [M+1],2
439,VLLEYADK,D5_MCX_2_con_2ul_37,2,precursor [M+2],2
440,VLLEYADK,Peggy_SCN5A_D0_MCX_2_con_2ul_19,1,b2,8
441,VLLEYADK,Peggy_SCN5A_D0_MCX_2_con_2ul_19,1,y5,3
442,VLLEYADK,Peggy_SCN5A_D0_MCX_2_con_2ul_19,1,y6,7
443,VLLEYADK,Peggy_SCN5A_D0_MCX_2_con_2ul_19,1,y7,3
444,VLLEYADK,Peggy_SCN5A_D0_MCX_2_con_2ul_19,2,precursor,8
445,VLLEYADK,Peggy_SCN5A_D0_MCX_2_con_2ul_19,2,precursor [M+1],8
446,VLLEYADK,Peggy_SCN5A_D0_MCX_2_con_2ul_19,2,precursor [M+2],8
447,YFFSPTLFR,1_MCX_2_con_2ul_48,1,y1,2
448,YFFSPTLFR,1_MCX_2_con_2ul_48,1,y5,2
449,YFFSPTLFR,1_MCX_2_con_2ul_48,1,y6,2
450,YFFSPTLFR,1_MCX_2_con_2ul_48,1,y7,2
451,YFFSPTLFR,1_MCX_2_con_2ul_48,2,precursor,2
452,YFFSPTLFR,1_MCX_2_con_2ul_48,2,precursor [M+1],2
453,YFFSPTLFR,1_MCX_2_con_2ul_48,2,precursor [M+2],2
454,YFFSPTLFR,2_MCX_2_con_2ul_47,1,y1,2
455,YFFSPTLFR,2_MCX_2_con_2ul_47,1,y5,2
456,YFFSPTLFR,2_MCX_2_con_2ul_47,1,y6,2
457,YFFSPTLFR,2_MCX_2_con_2ul_47,1,y7,2
458,YFFSPTLFR,2_MCX_2_con_2ul_47,2,precursor,2
459,YFFSPTLFR,2_MCX_2_con_2ul_47,2,precursor [M+1],2
460,YFFSPTLFR,2_MCX_2_con_2ul_47,2,precursor [M+2],2
461,YFFSPTLFR,3_MCX_2_con_2ul_46,1,y1,2
462,YFFSPTLFR,3_MCX_2_con_2ul_46,1,y5,2
463,YFFSPTLFR,3_MCX_2_con_2ul_46,1,y6,2
464,YFFSPTLFR,3_MCX_2_con_2ul_46,1,y7,2
465,YFFSPTLFR,3_MCX_2_con_2ul_46,2,precursor,2
466,YFFSPTLFR,3_MCX_2_con_2ul_46,2,precursor [M+1],2
467,YFFSPTLFR,3_MCX_2_con_2ul_46,2,precursor [M+2],2
468,YFFSPTLFR,4_MCX_2_con_2ul_45,1,y1,2
469,YFFSPTLFR,4_MCX_2_con_2ul_45,1,y5,2
470,YFFSPTLFR,4_MCX_2_con_2ul_45,1,y6,2
471,YFFSPTLFR,4_MCX_2_con_2ul_45,1,y7,2
472,YFFSPTLFR,4_MCX_2_con_2ul_45,2,precursor,2
473,YFFSPTLFR,4_MCX_2_con_2ul_45,2,precursor [M+1],2
474,YFFSPTLFR,4_MCX_2_con_2ul_45,2,precursor [M+2],2
475,YFFSPTLFR,5_MCX_2_con_2ul_44,1,y1,2
476,YFFSPTLFR,5_MCX_2_con_2ul_44,1,y5,2
477,YFFSPTLFR,5_MCX_2_con_2ul_44,1,y6,2
478,YFFSPTLFR,5_MCX_2_con_2ul_44,1,y7,2
479,YFFSPTLFR,5_MCX_2_con_2ul_44,2,precursor,2
480,YFFSPTLFR,5_MCX_2_con_2ul_44,2,precursor [M+1],2
481,YFFSPTLFR,5_MCX_2_con_2ul_44,2,precursor [M+2],2
482,YFFSPTLFR,D1_MCX_2_con_2ul_24,1,y1,2
483,YFFSPTLFR,D1_MCX_2_con_2ul_24,1,y5,2
484,YFFSPTLFR,D1_MCX_2_con_2ul_24,1,y6,2
485,YFFSPTLFR,D1_MCX_2_con_2ul_24,1,y7,2
486,YFFSPTLFR,D1_MCX_2_con_2ul_24,2,precursor,2
487,YFFSPTLFR,D1_MCX_2_con_2ul_24,2,precursor [M+1],2
488,YFFSPTLFR,D1_MCX_2_con_2ul_24,2,precursor [M+2],2
489,YFFSPTLFR,D1_MCX_2_con_2ul_34,1,y1,2
490,YFFSPTLFR,D1_MCX_2_con_2ul_34,1,y5,2
491,YFFSPTLFR,D1_MCX_2_con_2ul_34,1,y6,2
492,YFFSPTLFR,D1_MCX_2_con_2ul_34,1,y7,2
493,YFFSPTLFR,D1_MCX_2_con_2ul_34,2,precursor,2
494,YFFSPTLFR,D1_MCX_2_con_2ul_34,2,precursor [M+1],2
495,YFFSPTLFR,D1_MCX_2_con_2ul_34,2,precursor [M+2],2
496,YFFSPTLFR,D1_MCX_2_con_2ul_41,1,y1,2
497,YFFSPTLFR,D1_MCX_2_con_2ul_41,1,y5,2
498,YFFSPTLFR,D1_MCX_2_con_2ul_41,1,y6,2
499,YFFSPTLFR,D1_MCX_2_con_2ul_41,1,y7,2
500,YFFSPTLFR,D1_MCX_2_con_2ul_41,2,precursor,2
501,YFFSPTLFR,D1_MCX_2_con_2ul_41,2,precursor [M+1],2
502,YFFSPTLFR,D1_MCX_2_con_2ul_41,2,precursor [M+2],2
503,YFFSPTLFR,D2_MCX_2_con_2ul_23,1,y1,2
504,YFFSPTLFR,D2_MCX_2_con_2ul_23,1,y5,2
505,YFFSPTLFR,D2_MCX_2_con_2ul_23,1,y6,2
506,YFFSPTLFR,D2_MCX_2_con_2ul_23,1,y7,2
507,YFFSPTLFR,D2_MCX_2_con_2ul_23,2,precursor,2
508,YFFSPTLFR,D2_MCX_2_con_2ul_23,2,precursor [M+1],2
509,YFFSPTLFR,D2_MCX_2_con_2ul_23,2,precursor [M+2],2
510,YFFSPTLFR,D2_MCX_2_con_2ul_33,1,y1,2
511,YFFSPTLFR,D2_MCX_2_con_2ul_33,1,y5,2
512,YFFSPTLFR,D2_MCX_2_con_2ul_33,1,y6,2
513,YFFSPTLFR,D2_MCX_2_con_2ul_33,1,y7,2
514,YFFSPTLFR,D2_MCX_2_con_2ul_33,2,precursor,2
515,YFFSPTLFR,D2_MCX_2_con_2ul_33,2,precursor [M+1],2
516,YFFSPTLFR,D2_MCX_2_con_2ul_33,2,precursor [M+2],2
517,YFFSPTLFR,D2_MCX_2_con_2ul_40,1,y1,2
518,YFFSPTLFR,D2_MCX_2_con_2ul_40,1,y5,2
519,YFFSPTLFR,D2_MCX_2_con_2ul_40,1,y6,2
520,YFFSPTLFR,D2_MCX_2_con_2ul_40,1,y7,2
521,YFFSPTLFR,D2_MCX_2_con_2ul_40,2,precursor,2
522,YFFSPTLFR,D2_MCX_2_con_2ul_40,2,precursor [M+1],2
523,YFFSPTLFR,D2_MCX_2_con_2ul_40,2,precursor [M+2],2
524,YFFSPTLFR,D3_MCX_2_con_2ul_22,1,y1,2
525,YFFSPTLFR,D3_MCX_2_con_2ul_22,1,y5,2
526,YFFSPTLFR,D3_MCX_2_con_2ul_22,1,y6,2
527,YFFSPTLFR,D3_MCX_2_con_2ul_22,1,y7,2
528,YFFSPTLFR,D3_MCX_2_con_2ul_22,2,precursor,2
529,YFFSPTLFR,D3_MCX_2_con_2ul_22,2,precursor [M+1],2
530,YFFSPTLFR,D3_MCX_2_con_2ul_22,2,precursor [M+2],2
531,YFFSPTLFR,D3_MCX_2_con_2ul_32,2,precursor,2
532,YFFSPTLFR,D3_MCX_2_con_2ul_32,2,precursor [M+1],2
533,YFFSPTLFR,D3_MCX_2_con_2ul_32,2,precursor [M+2],2
534,YFFSPTLFR,D3_MCX_2_con_2ul_39,1,y1,2
535,YFFSPTLFR,D3_MCX_2_con_2ul_39,1,y5,2
536,YFFSPTLFR,D3_MCX_2_con_2ul_39,1,y6,2
537,YFFSPTLFR,D3_MCX_2_con_2ul_39,1,y7,2
538,YFFSPTLFR,D3_MCX_2_con_2ul_39,2,precursor,2
539,YFFSPTLFR,D3_MCX_2_con_2ul_39,2,precursor [M+1],2
540,YFFSPTLFR,D3_MCX_2_con_2ul_39,2,precursor [M+2],2
541,YFFSPTLFR,D4_MCX_2_con_2ul_21,1,y1,2
542,YFFSPTLFR,D4_MCX_2_con_2ul_21,1,y5,2
543,YFFSPTLFR,D4_MCX_2_con_2ul_21,1,y6,2
544,YFFSPTLFR,D4_MCX_2_con_2ul_21,1,y7,2
545,YFFSPTLFR,D4_MCX_2_con_2ul_21,2,precursor,2
546,YFFSPTLFR,D4_MCX_2_con_2ul_21,2,precursor [M+1],2
547,YFFSPTLFR,D4_MCX_2_con_2ul_21,2,precursor [M+2],2
548,YFFSPTLFR,D4_MCX_2_con_2ul_31,2,precursor,2
549,YFFSPTLFR,D4_MCX_2_con_2ul_31,2,precursor [M+1],2
550,YFFSPTLFR,D4_MCX_2_con_2ul_31,2,precursor [M+2],2
551,YFFSPTLFR,D4_MCX_2_con_2ul_38,1,y1,2
552,YFFSPTLFR,D4_MCX_2_con_2ul_38,1,y5,2
553,YFFSPTLFR,D4_MCX_2_con_2ul_38,1,y6,2
554,YFFSPTLFR,D4_MCX_2_con_2ul_38,1,y7,2
555,YFFSPTLFR,D4_MCX_2_con_2ul_38,2,precursor,2
556,YFFSPTLFR,D4_MCX_2_con_2ul_38,2,precursor [M+1],2
557,YFFSPTLFR,D4_MCX_2_con_2ul_38,2,precursor [M+2],2
558,YFFSPTLFR,D5_MCX_2_con_2ul_20,1,y1,2
559,YFFSPTLFR,D5_MCX_2_con_2ul_20,1,y5,2
560,YFFSPTLFR,D5_MCX_2_con_2ul_20,1,y6,2
561,YFFSPTLFR,D5_MCX_2_con_2ul_20,1,y7,2
562,YFFSPTLFR,D5_MCX_2_con_2ul_20,2,precursor,2
563,YFFSPTLFR,D5_MCX_2_con_2ul_20,2,precursor [M+1],2
564,YFFSPTLFR,D5_MCX_2_con_2ul_20,2,precursor [M+2],2
565,YFFSPTLFR,D5_MCX_2_con_2ul_30,2,precursor,2
566,YFFSPTLFR,D5_MCX_2_con_2ul_30,2,precursor [M+1],2
567,YFFSPTLFR,D5_MCX_2_con_2ul_30,2,precursor [M+2],2
568,YFFSPTLFR,D5_MCX_2_con_2ul_37,1,y1,2
569,YFFSPTLFR,D5_MCX_2_con_2ul_37,1,y5,2
570,YFFSPTLFR,D5_MCX_2_con_2ul_37,1,y6,2
571,YFFSPTLFR,D5_MCX_2_con_2ul_37,1,y7,2
572,YFFSPTLFR,D5_MCX_2_con_2ul_37,2,precursor,2
573,YFFSPTLFR,D5_MCX_2_con_2ul_37,2,precursor [M+1],2
574,YFFSPTLFR,D5_MCX_2_con_2ul_37,2,precursor [M+2],2
575,YFFSPTLFR,Peggy_SCN5A_D0_MCX_2_con_2ul_19,1,y1,2
576,YFFSPTLFR,Peggy_SCN5A_D0_MCX_2_con_2ul_19,1,y5,2
577,YFFSPTLFR,Peggy_SCN5A_D0_MCX_2_con_2ul_19,1,y6,2
578,YFFSPTLFR,Peggy_SCN5A_D0_MCX_2_con_2ul_19,1,y7,2
579,YFFSPTLFR,Peggy_SCN5A_D0_MCX_2_con_2ul_19,2,precursor,2
580,YFFSPTLFR,Peggy_SCN5A_D0_MCX_2_con_2ul_19,2,precursor [M+1],2
581,YFFSPTLFR,Peggy_SCN5A_D0_MCX_2_con_2ul_19,2,precursor [M+2],2
582,YQGFIFDIVTK,1_MCX_2_con_2ul_48,1,b2,2
583,YQGFIFDIVTK,1_MCX_2_con_2ul_48,1,y1,2
584,YQGFIFDIVTK,1_MCX_2_con_2ul_48,1,y2,2
585,YQGFIFDIVTK,1_MCX_2_con_2ul_48,1,y3,2
586,YQGFIFDIVTK,1_MCX_2_con_2ul_48,2,precursor,2
587,YQGFIFDIVTK,1_MCX_2_con_2ul_48,2,precursor [M+1],2
588,YQGFIFDIVTK,1_MCX_2_con_2ul_48,2,precursor [M+2],2
589,YQGFIFDIVTK,2_MCX_2_con_2ul_47,1,b2,2
590,YQGFIFDIVTK,2_MCX_2_con_2ul_47,1,y1,2
591,YQGFIFDIVTK,2_MCX_2_con_2ul_47,1,y2,2
592,YQGFIFDIVTK,2_MCX_2_con_2ul_47,1,y3,2
593,YQGFIFDIVTK,2_MCX_2_con_2ul_47,2,precursor,2
594,YQGFIFDIVTK,2_MCX_2_con_2ul_47,2,precursor [M+1],2
595,YQGFIFDIVTK,2_MCX_2_con_2ul_47,2,precursor [M+2],2
596,YQGFIFDIVTK,3_MCX_2_con_2ul_46,1,b2,2
597,YQGFIFDIVTK,3_MCX_2_con_2ul_46,1,y1,2
598,YQGFIFDIVTK,3_MCX_2_con_2ul_46,1,y2,2
599,YQGFIFDIVTK,3_MCX_2_con_2ul_46,1,y3,2
600,YQGFIFDIVTK,3_MCX_2_con_2ul_46,2,precursor,2
601,YQGFIFDIVTK,3_MCX_2_con_2ul_46,2,precursor [M+1],2
602,YQGFIFDIVTK,3_MCX_2_con_2ul_46,2,precursor [M+2],2
603,YQGFIFDIVTK,4_MCX_2_con_2ul_45,1,b2,2
604,YQGFIFDIVTK,4_MCX_2_con_2ul_45,1,y1,2
605,YQGFIFDIVTK,4_MCX_2_con_2ul_45,1,y2,2
606,YQGFIFDIVTK,4_MCX_2_con_2ul_45,1,y3,2
607,YQGFIFDIVTK,4_MCX_2_con_2ul_45,2,precursor,2
608,YQGFIFDIVTK,4_MCX_2_con_2ul_45,2,precursor [M+1],2
609,YQGFIFDIVTK,4_MCX_2_con_2ul_45,2,precursor [M+2],2
610,YQGFIFDIVTK,5_MCX_2_con_2ul_44,1,b2,2
611,YQGFIFDIVTK,5_MCX_2_con_2ul_44,1,y1,2
612,YQGFIFDIVTK,5_MCX_2_con_2ul_44,1,y2,2
613,YQGFIFDIVTK,5_MCX_2_con_2ul_44,1,y3,2
614,YQGFIFDIVTK,5_MCX_2_con_2ul_44,2,precursor,2
615,YQGFIFDIVTK,5_MCX_2_con_2ul_44,2,precursor [M+1],2
616,YQGFIFDIVTK,5_MCX_2_con_2ul_44,2,precursor [M+2],2
617,YQGFIFDIVTK,D1_MCX_2_con_2ul_24,1,b2,2
618,YQGFIFDIVTK,D1_MCX_2_con_2ul_24,1,y1,2
619,YQGFIFDIVTK,D1_MCX_2_con_2ul_24,1,y2,2
620,YQGFIFDIVTK,D1_MCX_2_con_2ul_24,1,y3,2
621,YQGFIFDIVTK,D1_MCX_2_con_2ul_24,2,precursor,2
622,YQGFIFDIVTK,D1_MCX_2_con_2ul_24,2,precursor [M+1],2
623,YQGFIFDIVTK,D1_MCX_2_con_2ul_24,2,precursor [M+2],2
624,YQGFIFDIVTK,D1_MCX_2_con_2ul_34,1,b2,2
625,YQGFIFDIVTK,D1_MCX_2_con_2ul_34,1,y1,2
626,YQGFIFDIVTK,D1_MCX_2_con_2ul_34,1,y2,2
627,YQGFIFDIVTK,D1_MCX_2_con_2ul_34,1,y3,2
628,YQGFIFDIVTK,D1_MCX_2_con_2ul_34,2,precursor,2
629,YQGFIFDIVTK,D1_MCX_2_con_2ul_34,2,precursor [M+1],2
630,YQGFIFDIVTK,D1_MCX_2_con_2ul_34,2,precursor [M+2],2
631,YQGFIFDIVTK,D1_MCX_2_con_2ul_41,1,b2,2
632,YQGFIFDIVTK,D1_MCX_2_con_2ul_41,1,y1,2
633,YQGFIFDIVTK,D1_MCX_2_con_2ul_41,1,y2,2
634,YQGFIFDIVTK,D1_MCX_2_con_2ul_41,1,y3,2
635,YQGFIFDIVTK,D1_MCX_2_con_2ul_41,2,precursor,2
636,YQGFIFDIVTK,D1_MCX_2_con_2ul_41,2,precursor [M+1],2
637,YQGFIFDIVTK,D1_MCX_2_con_2ul_41,2,precursor [M+2],2
638,YQGFIFDIVTK,D2_MCX_2_con_2ul_23,1,b2,2
639,YQGFIFDIVTK,D2_MCX_2_con_2ul_23,1,y1,2
640,YQGFIFDIVTK,D2_MCX_2_con_2ul_23,1,y2,2
641,YQGFIFDIVTK,D2_MCX_2_con_2ul_23,1,y3,2
642,YQGFIFDIVTK,D2_MCX_2_con_2ul_23,2,precursor,2
643,YQGFIFDIVTK,D2_MCX_2_con_2ul_23,2,precursor [M+1],2
644,YQGFIFDIVTK,D2_MCX_2_con_2ul_23,2,precursor [M+2],2
645,YQGFIFDIVTK,D2_MCX_2_con_2ul_33,1,b2,2
646,YQGFIFDIVTK,D2_MCX_2_con_2ul_33,1,y1,2
647,YQGFIFDIVTK,D2_MCX_2_con_2ul_33,1,y2,2
648,YQGFIFDIVTK,D2_MCX_2_con_2ul_33,1,y3,2
649,YQGFIFDIVTK,D2_MCX_2_con_2ul_33,2,precursor,2
650,YQGFIFDIVTK,D2_MCX_2_con_2ul_33,2,precursor [M+1],2
651,YQGFIFDIVTK,D2_MCX_2_con_2ul_33,2,precursor [M+2],2
652,YQGFIFDIVTK,D2_MCX_2_con_2ul_40,1,b2,2
653,YQGFIFDIVTK,D2_MCX_2_con_2ul_40,1,y1,2
654,YQGFIFDIVTK,D2_MCX_2_con_2ul_40,1,y2,2
655,YQGFIFDIVTK,D2_MCX_2_con_2ul_40,1,y3,2
656,YQGFIFDIVTK,D2_MCX_2_con_2ul_40,2,precursor,2
657,YQGFIFDIVTK,D2_MCX_2_con_2ul_40,2,precursor [M+1],2
658,YQGFIFDIVTK,D2_MCX_2_con_2ul_40,2,precursor [M+2],2
659,YQGFIFDIVTK,D3_MCX_2_con_2ul_22,1,b2,2
660,YQGFIFDIVTK,D3_MCX_2_con_2ul_22,1,y1,2
661,YQGFIFDIVTK,D3_MCX_2_con_2ul_22,1,y2,2
662,YQGFIFDIVTK,D3_MCX_2_con_2ul_22,1,y3,2
663,YQGFIFDIVTK,D3_MCX_2_con_2ul_22,2,precursor,2
664,YQGFIFDIVTK,D3_MCX_2_con_2ul_22,2,precursor [M+1],2
665,YQGFIFDIVTK,D3_MCX_2_con_2ul_22,2,precursor [M+2],2
666,YQGFIFDIVTK,D3_MCX_2_con_2ul_32,2,precursor,2
667,YQGFIFDIVTK,D3_MCX_2_con_2ul_32,2,precursor [M+1],2
668,YQGFIFDIVTK,D3_MCX_2_con_2ul_32,2,precursor [M+2],2
669,YQGFIFDIVTK,D3_MCX_2_con_2ul_39,1,b2,2
670,YQGFIFDIVTK,D3_MCX_2_con_2ul_39,1,y1,2
671,YQGFIFDIVTK,D3_MCX_2_con_2ul_39,1,y2,2
672,YQGFIFDIVTK,D3_MCX_2_con_2ul_39,1,y3,2
673,YQGFIFDIVTK,D3_MCX_2_con_2ul_39,2,precursor,2
674,YQGFIFDIVTK,D3_MCX_2_con_2ul_39,2,precursor [M+1],2
675,YQGFIFDIVTK,D3_MCX_2_con_2ul_39,2,precursor [M+2],2
676,YQGFIFDIVTK,D4_MCX_2_con_2ul_21,1,b2,2
677,YQGFIFDIVTK,D4_MCX_2_con_2ul_21,1,y1,2
678,YQGFIFDIVTK,D4_MCX_2_con_2ul_21,1,y2,2
679,YQGFIFDIVTK,D4_MCX_2_con_2ul_21,1,y3,2
680,YQGFIFDIVTK,D4_MCX_2_con_2ul_21,2,precursor,2
681,YQGFIFDIVTK,D4_MCX_2_con_2ul_21,2,precursor [M+1],2
682,YQGFIFDIVTK,D4_MCX_2_con_2ul_21,2,precursor [M+2],2
683,YQGFIFDIVTK,D4_MCX_2_con_2ul_31,2,precursor,2
684,YQGFIFDIVTK,D4_MCX_2_con_2ul_31,2,precursor [M+1],2
685,YQGFIFDIVTK,D4_MCX_2_con_2ul_31,2,precursor [M+2],2
686,YQGFIFDIVTK,D4_MCX_2_con_2ul_38,1,b2,2
687,YQGFIFDIVTK,D4_MCX_2_con_2ul_38,1,y1,2
688,YQGFIFDIVTK,D4_MCX_2_con_2ul_38,1,y2,2
689,YQGFIFDIVTK,D4_MCX_2_con_2ul_38,1,y3,2
690,YQGFIFDIVTK,D4_MCX_2_con_2ul_38,2,precursor,2
691,YQGFIFDIVTK,D4_MCX_2_con_2ul_38,2,precursor [M+1],2
692,YQGFIFDIVTK,D4_MCX_2_con_2ul_38,2,precursor [M+2],2
693,YQGFIFDIVTK,D5_MCX_2_con_2ul_20,1,b2,2
694,YQGFIFDIVTK,D5_MCX_2_con_2ul_20,1,y1,2
695,YQGFIFDIVTK,D5_MCX_2_con_2ul_20,1,y2,2
696,YQGFIFDIVTK,D5_MCX_2_con_2ul_20,1,y3,2
697,YQGFIFDIVTK,D5_MCX_2_con_2ul_20,2,precursor,2
698,YQGFIFDIVTK,D5_MCX_2_con_2ul_20,2,precursor [M+1],2
699,YQGFIFDIVTK,D5_MCX_2_con_2ul_20,2,precursor [M+2],2
700,YQGFIFDIVTK,D5_MCX_2_con_2ul_30,2,precursor,2
701,YQGFIFDIVTK,D5_MCX_2_con_2ul_30,2,precursor [M+1],2
702,YQGFIFDIVTK,D5_MCX_2_con_2ul_30,2,precursor [M+2],2
703,YQGFIFDIVTK,D5_MCX_2_con_2ul_37,1,b2,2
704,YQGFIFDIVTK,D5_MCX_2_con_2ul_37,1,y1,2
705,YQGFIFDIVTK,D5_MCX_2_con_2ul_37,1,y2,2
706,YQGFIFDIVTK,D5_MCX_2_con_2ul_37,1,y3,2
707,YQGFIFDIVTK,D5_MCX_2_con_2ul_37,2,precursor,2
708,YQGFIFDIVTK,D5_MCX_2_con_2ul_37,2,precursor [M+1],2
709,YQGFIFDIVTK,D5_MCX_2_con_2ul_37,2,precursor [M+2],2
710,YQGFIFDIVTK,Peggy_SCN5A_D0_MCX_2_con_2ul_19,1,b2,2
711,YQGFIFDIVTK,Peggy_SCN5A_D0_MCX_2_con_2ul_19,1,y1,2
712,YQGFIFDIVTK,Peggy_SCN5A_D0_MCX_2_con_2ul_19,1,y2,2
713,YQGFIFDIVTK,Peggy_SCN5A_D0_MCX_2_con_2ul_19,1,y3,2
714,YQGFIFDIVTK,Peggy_SCN5A_D0_MCX_2_con_2ul_19,2,precursor,2
715,YQGFIFDIVTK,Peggy_SCN5A_D0_MCX_2_con_2ul_19,2,precursor [M+1],2
716,YQGFIFDIVTK,Peggy_SCN5A_D0_MCX_2_con_2ul_19,2,precursor [M+2],2
